DATE,STATION,LATITUDE,LONGITUDE,EVAP,PRCP
1939-06-01,USC00305806,40.85,-73.91667,,0.0
1939-06-02,USC00305806,40.85,-73.91667,,0.0
1939-06-03,USC00305806,40.85,-73.91667,43.7,0.0
1939-06-04,USC00305806,40.85,-73.91667,60.5,0.0
1939-06-05,USC00305806,40.85,-73.91667,22.4,1.5
1939-06-06,USC00305806,40.85,-73.91667,104.9,0.0
1939-06-07,USC00305806,40.85,-73.91667,80.3,0.0
1939-06-08,USC00305806,40.85,-73.91667,57.9,0.0
1939-06-09,USC00305806,40.85,-73.91667,46.7,0.0
1939-06-10,USC00305806,40.85,-73.91667,62.7,0.0
1939-06-11,USC00305806,40.85,-73.91667,25.9,2.0
1939-06-12,USC00305806,40.85,-73.91667,58.9,0.5
1939-06-13,USC00305806,40.85,-73.91667,56.4,0.0
1939-06-14,USC00305806,40.85,-73.91667,91.7,30.7
1939-06-15,USC00305806,40.85,-73.91667,46.0,3.0
1939-06-16,USC00305806,40.85,-73.91667,53.3,0.0
1939-06-17,USC00305806,40.85,-73.91667,68.6,0.0
1939-06-18,USC00305806,40.85,-73.91667,61.0,0.0
1939-06-19,USC00305806,40.85,-73.91667,37.6,0.0
1939-06-20,USC00305806,40.85,-73.91667,10.9,3.6
1939-06-21,USC00305806,40.85,-73.91667,27.7,0.0
1939-06-22,USC00305806,40.85,-73.91667,69.9,0.0
1939-06-23,USC00305806,40.85,-73.91667,53.6,0.3
1939-06-24,USC00305806,40.85,-73.91667,34.3,0.0
1939-06-25,USC00305806,40.85,-73.91667,65.5,0.0
1939-06-26,USC00305806,40.85,-73.91667,49.8,0.0
1939-06-27,USC00305806,40.85,-73.91667,42.4,0.0
1939-06-28,USC00305806,40.85,-73.91667,29.2,0.0
1939-06-29,USC00305806,40.85,-73.91667,45.0,0.0
1939-06-30,USC00305806,40.85,-73.91667,45.0,27.7
1939-07-01,USC00305806,40.85,-73.91667,37.3,19.8
1939-07-02,USC00305806,40.85,-73.91667,61.2,0.0
1939-07-03,USC00305806,40.85,-73.91667,64.8,0.0
1939-07-04,USC00305806,40.85,-73.91667,62.7,0.0
1939-07-05,USC00305806,40.85,-73.91667,41.4,0.0
1939-07-06,USC00305806,40.85,-73.91667,36.8,0.3
1939-07-07,USC00305806,40.85,-73.91667,26.7,0.5
1939-07-08,USC00305806,40.85,-73.91667,41.7,0.0
1939-07-09,USC00305806,40.85,-73.91667,36.8,0.0
1939-07-10,USC00305806,40.85,-73.91667,61.2,0.0
1939-07-11,USC00305806,40.85,-73.91667,51.6,0.0
1939-07-12,USC00305806,40.85,-73.91667,58.9,0.0
1939-07-13,USC00305806,40.85,-73.91667,61.5,0.0
1939-07-14,USC00305806,40.85,-73.91667,25.1,5.1
1939-07-15,USC00305806,40.85,-73.91667,53.8,0.0
1939-07-16,USC00305806,40.85,-73.91667,59.7,0.0
1939-07-17,USC00305806,40.85,-73.91667,50.8,0.0
1939-07-18,USC00305806,40.85,-73.91667,47.0,0.0
1939-07-19,USC00305806,40.85,-73.91667,49.8,0.0
1939-07-20,USC00305806,40.85,-73.91667,54.4,0.0
1939-07-21,USC00305806,40.85,-73.91667,44.2,0.0
1939-07-22,USC00305806,40.85,-73.91667,40.6,0.0
1939-07-23,USC00305806,40.85,-73.91667,32.8,0.0
1939-07-24,USC00305806,40.85,-73.91667,50.3,0.0
1939-07-25,USC00305806,40.85,-73.91667,90.9,31.8
1939-07-26,USC00305806,40.85,-73.91667,47.0,0.0
1939-07-27,USC00305806,40.85,-73.91667,33.3,0.0
1939-07-28,USC00305806,40.85,-73.91667,16.8,5.1
1939-07-29,USC00305806,40.85,-73.91667,44.7,14.0
1939-07-30,USC00305806,40.85,-73.91667,30.2,8.9
1939-07-31,USC00305806,40.85,-73.91667,15.2,0.3
1939-08-01,USC00305806,40.85,-73.91667,60.2,0.0
1939-08-02,USC00305806,40.85,-73.91667,51.6,0.0
1939-08-03,USC00305806,40.85,-73.91667,50.5,0.0
1939-08-04,USC00305806,40.85,-73.91667,4.8,1.3
1939-08-05,USC00305806,40.85,-73.91667,3.6,0.0
1939-08-06,USC00305806,40.85,-73.91667,24.6,0.0
1939-08-07,USC00305806,40.85,-73.91667,56.1,0.0
1939-08-08,USC00305806,40.85,-73.91667,40.4,0.0
1939-08-09,USC00305806,40.85,-73.91667,,1.5
1939-08-10,USC00305806,40.85,-73.91667,44.2,0.8
1939-08-11,USC00305806,40.85,-73.91667,47.5,0.0
1939-08-12,USC00305806,40.85,-73.91667,40.9,0.0
1939-08-13,USC00305806,40.85,-73.91667,30.0,0.0
1939-08-14,USC00305806,40.85,-73.91667,22.4,0.0
1939-08-15,USC00305806,40.85,-73.91667,36.6,0.0
1939-08-16,USC00305806,40.85,-73.91667,33.8,0.0
1939-08-17,USC00305806,40.85,-73.91667,13.5,2.8
1939-08-18,USC00305806,40.85,-73.91667,13.2,1.8
1939-08-19,USC00305806,40.85,-73.91667,23.4,0.0
1939-08-20,USC00305806,40.85,-73.91667,65.5,47.5
1939-08-21,USC00305806,40.85,-73.91667,13.5,2.5
1939-08-22,USC00305806,40.85,-73.91667,35.3,0.0
1939-08-23,USC00305806,40.85,-73.91667,65.3,0.0
1939-08-24,USC00305806,40.85,-73.91667,56.6,0.0
1939-08-25,USC00305806,40.85,-73.91667,25.7,4.8
1939-08-26,USC00305806,40.85,-73.91667,17.0,11.9
1939-08-27,USC00305806,40.85,-73.91667,37.3,0.0
1939-08-28,USC00305806,40.85,-73.91667,38.9,0.0
1939-08-29,USC00305806,40.85,-73.91667,32.8,0.0
1939-08-30,USC00305806,40.85,-73.91667,36.3,15.2
1939-08-31,USC00305806,40.85,-73.91667,10.2,4.1
1939-09-01,USC00305806,40.85,-73.91667,0.8,2.8
1939-09-02,USC00305806,40.85,-73.91667,31.2,1.0
1939-09-03,USC00305806,40.85,-73.91667,25.9,0.0
1939-09-04,USC00305806,40.85,-73.91667,18.3,0.0
1939-09-05,USC00305806,40.85,-73.91667,28.2,0.0
1939-09-06,USC00305806,40.85,-73.91667,11.9,0.0
1939-09-07,USC00305806,40.85,-73.91667,39.4,3.0
1939-09-08,USC00305806,40.85,-73.91667,26.4,0.0
1939-09-09,USC00305806,40.85,-73.91667,39.4,15.5
1939-09-10,USC00305806,40.85,-73.91667,32.8,1.3
1939-09-11,USC00305806,40.85,-73.91667,25.4,0.3
1939-09-12,USC00305806,40.85,-73.91667,35.3,0.0
1939-09-13,USC00305806,40.85,-73.91667,16.8,0.0
1939-09-14,USC00305806,40.85,-73.91667,35.3,0.0
1939-09-15,USC00305806,40.85,-73.91667,30.2,0.0
1939-09-16,USC00305806,40.85,-73.91667,46.5,0.0
1939-09-17,USC00305806,40.85,-73.91667,103.1,0.0
1939-09-18,USC00305806,40.85,-73.91667,,0.0
1939-09-19,USC00305806,40.85,-73.91667,33.8,0.0
1939-09-20,USC00305806,40.85,-73.91667,,0.0
1939-09-21,USC00305806,40.85,-73.91667,,8.4
1939-09-22,USC00305806,40.85,-73.91667,113.3,0.0
1939-09-23,USC00305806,40.85,-73.91667,25.4,0.0
1939-09-24,USC00305806,40.85,-73.91667,36.1,0.0
1939-09-25,USC00305806,40.85,-73.91667,26.4,0.0
1939-09-26,USC00305806,40.85,-73.91667,19.1,0.0
1939-09-27,USC00305806,40.85,-73.91667,,0.8
1939-09-28,USC00305806,40.85,-73.91667,11.9,6.6
1939-09-29,USC00305806,40.85,-73.91667,18.0,0.0
1939-09-30,USC00305806,40.85,-73.91667,13.2,7.6
1939-10-01,USC00305806,40.85,-73.91667,18.5,2.3
1939-10-02,USC00305806,40.85,-73.91667,34.8,21.1
1939-10-03,USC00305806,40.85,-73.91667,46.0,22.6
1939-10-04,USC00305806,40.85,-73.91667,4.3,1.0
1939-10-05,USC00305806,40.85,-73.91667,14.7,0.0
1939-10-06,USC00305806,40.85,-73.91667,11.7,0.0
1939-10-07,USC00305806,40.85,-73.91667,16.0,0.0
1939-10-08,USC00305806,40.85,-73.91667,41.4,0.0
1939-10-09,USC00305806,40.85,-73.91667,0.3,0.0
1939-10-10,USC00305806,40.85,-73.91667,38.4,0.0
1939-10-11,USC00305806,40.85,-73.91667,35.3,0.0
1939-10-12,USC00305806,40.85,-73.91667,42.7,0.0
1939-10-13,USC00305806,40.85,-73.91667,14.2,0.0
1939-10-14,USC00305806,40.85,-73.91667,56.9,0.0
1939-10-15,USC00305806,40.85,-73.91667,5.8,0.0
1939-10-16,USC00305806,40.85,-73.91667,46.2,0.0
1939-10-17,USC00305806,40.85,-73.91667,4.8,0.0
1939-10-18,USC00305806,40.85,-73.91667,34.3,0.0
1939-10-19,USC00305806,40.85,-73.91667,19.6,0.0
1939-10-20,USC00305806,40.85,-73.91667,19.3,0.0
1939-10-21,USC00305806,40.85,-73.91667,22.9,0.0
1939-10-22,USC00305806,40.85,-73.91667,28.7,14.7
1939-10-23,USC00305806,40.85,-73.91667,32.5,0.5
1939-10-24,USC00305806,40.85,-73.91667,29.5,0.0
1939-10-25,USC00305806,40.85,-73.91667,17.3,0.0
1939-10-26,USC00305806,40.85,-73.91667,,0.0
1939-10-27,USC00305806,40.85,-73.91667,6.9,0.0
1939-10-28,USC00305806,40.85,-73.91667,,7.9
1939-10-29,USC00305806,40.85,-73.91667,38.6,0.5
1939-10-30,USC00305806,40.85,-73.91667,7.1,0.0
1939-10-31,USC00305806,40.85,-73.91667,27.2,17.8
1939-11-01,USC00305806,40.85,-73.91667,50.8,31.8
1939-11-02,USC00305806,40.85,-73.91667,22.6,0.0
1939-11-03,USC00305806,40.85,-73.91667,17.0,0.0
1939-11-04,USC00305806,40.85,-73.91667,32.8,0.0
1939-11-05,USC00305806,40.85,-73.91667,5.6,0.0
1939-11-06,USC00305806,40.85,-73.91667,,39.4
1939-11-07,USC00305806,40.85,-73.91667,137.9,0.0
1939-11-08,USC00305806,40.85,-73.91667,37.3,0.0
1939-11-09,USC00305806,40.85,-73.91667,31.8,0.0
1939-11-10,USC00305806,40.85,-73.91667,31.0,0.0
1939-11-11,USC00305806,40.85,-73.91667,25.4,0.0
1939-11-12,USC00305806,40.85,-73.91667,39.6,0.0
1939-11-13,USC00305806,40.85,-73.91667,13.5,0.0
1939-11-14,USC00305806,40.85,-73.91667,,0.0
1939-11-15,USC00305806,40.85,-73.91667,,0.0
1939-11-16,USC00305806,40.85,-73.91667,61.0,0.0
1939-11-17,USC00305806,40.85,-73.91667,37.6,0.0
1939-11-18,USC00305806,40.85,-73.91667,29.7,0.0
1939-11-19,USC00305806,40.85,-73.91667,25.9,0.0
1939-11-20,USC00305806,40.85,-73.91667,,0.0
1939-11-21,USC00305806,40.85,-73.91667,52.8,0.0
1939-11-22,USC00305806,40.85,-73.91667,,0.0
1939-11-23,USC00305806,40.85,-73.91667,6.4,0.0
1939-11-24,USC00305806,40.85,-73.91667,,0.0
1939-11-25,USC00305806,40.85,-73.91667,37.3,0.0
1939-11-26,USC00305806,40.85,-73.91667,18.8,0.0
1939-11-27,USC00305806,40.85,-73.91667,,0.0
1939-11-28,USC00305806,40.85,-73.91667,,0.0
1939-11-29,USC00305806,40.85,-73.91667,35.1,0.0
1939-11-30,USC00305806,40.85,-73.91667,,0.0
1948-05-01,USC00305806,40.85,-73.91667,,0.0
1948-05-02,USC00305806,40.85,-73.91667,,3.0
1948-05-03,USC00305806,40.85,-73.91667,,0.8
1948-05-04,USC00305806,40.85,-73.91667,,0.0
1948-05-05,USC00305806,40.85,-73.91667,,16.8
1948-05-06,USC00305806,40.85,-73.91667,,0.0
1948-05-07,USC00305806,40.85,-73.91667,,19.1
1948-05-08,USC00305806,40.85,-73.91667,,0.0
1948-05-09,USC00305806,40.85,-73.91667,,0.0
1948-05-10,USC00305806,40.85,-73.91667,,0.0
1948-05-11,USC00305806,40.85,-73.91667,,9.7
1948-05-12,USC00305806,40.85,-73.91667,,16.3
1948-05-13,USC00305806,40.85,-73.91667,,19.1
1948-05-14,USC00305806,40.85,-73.91667,,0.0
1948-05-15,USC00305806,40.85,-73.91667,,0.0
1948-05-16,USC00305806,40.85,-73.91667,,18.0
1948-05-17,USC00305806,40.85,-73.91667,,10.7
1948-05-18,USC00305806,40.85,-73.91667,,0.0
1948-05-19,USC00305806,40.85,-73.91667,,0.0
1948-05-20,USC00305806,40.85,-73.91667,,0.0
1948-05-21,USC00305806,40.85,-73.91667,,0.0
1948-05-22,USC00305806,40.85,-73.91667,,0.0
1948-05-23,USC00305806,40.85,-73.91667,,0.0
1948-05-24,USC00305806,40.85,-73.91667,,0.0
1948-05-25,USC00305806,40.85,-73.91667,,18.5
1948-05-26,USC00305806,40.85,-73.91667,,0.0
1948-05-27,USC00305806,40.85,-73.91667,,0.0
1948-05-28,USC00305806,40.85,-73.91667,,0.0
1948-05-29,USC00305806,40.85,-73.91667,,0.0
1948-05-30,USC00305806,40.85,-73.91667,,46.7
1948-05-31,USC00305806,40.85,-73.91667,,4.1
1948-06-01,USC00305806,40.85,-73.91667,,0.0
1948-06-02,USC00305806,40.85,-73.91667,,0.0
1948-06-03,USC00305806,40.85,-73.91667,,0.0
1948-06-04,USC00305806,40.85,-73.91667,,0.0
1948-06-05,USC00305806,40.85,-73.91667,,0.0
1948-06-06,USC00305806,40.85,-73.91667,,0.0
1948-06-07,USC00305806,40.85,-73.91667,,13.5
1948-06-08,USC00305806,40.85,-73.91667,,0.0
1948-06-09,USC00305806,40.85,-73.91667,,2.3
1948-06-10,USC00305806,40.85,-73.91667,,0.0
1948-06-11,USC00305806,40.85,-73.91667,,0.0
1948-06-12,USC00305806,40.85,-73.91667,,12.7
1948-06-13,USC00305806,40.85,-73.91667,,3.3
1948-06-14,USC00305806,40.85,-73.91667,,0.0
1948-06-15,USC00305806,40.85,-73.91667,,0.0
1948-06-16,USC00305806,40.85,-73.91667,,0.0
1948-06-17,USC00305806,40.85,-73.91667,,0.0
1948-06-18,USC00305806,40.85,-73.91667,,0.0
1948-06-19,USC00305806,40.85,-73.91667,,33.8
1948-06-20,USC00305806,40.85,-73.91667,,2.5
1948-06-21,USC00305806,40.85,-73.91667,,0.0
1948-06-22,USC00305806,40.85,-73.91667,,1.3
1948-06-23,USC00305806,40.85,-73.91667,,10.9
1948-06-24,USC00305806,40.85,-73.91667,,32.3
1948-06-25,USC00305806,40.85,-73.91667,,0.0
1948-06-26,USC00305806,40.85,-73.91667,,0.0
1948-06-27,USC00305806,40.85,-73.91667,,3.6
1948-06-28,USC00305806,40.85,-73.91667,,11.4
1948-06-29,USC00305806,40.85,-73.91667,,0.0
1948-06-30,USC00305806,40.85,-73.91667,,5.8
1948-07-01,USC00305806,40.85,-73.91667,,0.0
1948-07-02,USC00305806,40.85,-73.91667,,0.0
1948-07-03,USC00305806,40.85,-73.91667,,0.0
1948-07-04,USC00305806,40.85,-73.91667,,0.0
1948-07-05,USC00305806,40.85,-73.91667,,2.5
1948-07-06,USC00305806,40.85,-73.91667,,5.3
1948-07-07,USC00305806,40.85,-73.91667,,0.8
1948-07-08,USC00305806,40.85,-73.91667,,0.0
1948-07-09,USC00305806,40.85,-73.91667,,0.0
1948-07-10,USC00305806,40.85,-73.91667,,0.0
1948-07-11,USC00305806,40.85,-73.91667,,0.0
1948-07-12,USC00305806,40.85,-73.91667,,0.0
1948-07-13,USC00305806,40.85,-73.91667,,31.2
1948-07-14,USC00305806,40.85,-73.91667,,0.5
1948-07-15,USC00305806,40.85,-73.91667,,0.0
1948-07-16,USC00305806,40.85,-73.91667,,0.0
1948-07-17,USC00305806,40.85,-73.91667,,0.0
1948-07-18,USC00305806,40.85,-73.91667,,18.8
1948-07-19,USC00305806,40.85,-73.91667,,19.8
1948-07-20,USC00305806,40.85,-73.91667,,0.0
1948-07-21,USC00305806,40.85,-73.91667,,12.4
1948-07-22,USC00305806,40.85,-73.91667,,0.0
1948-07-23,USC00305806,40.85,-73.91667,,25.9
1948-07-24,USC00305806,40.85,-73.91667,,0.0
1948-07-25,USC00305806,40.85,-73.91667,,0.0
1948-07-26,USC00305806,40.85,-73.91667,,0.0
1948-07-27,USC00305806,40.85,-73.91667,,2.8
1948-07-28,USC00305806,40.85,-73.91667,,0.0
1948-07-29,USC00305806,40.85,-73.91667,,0.0
1948-07-30,USC00305806,40.85,-73.91667,,0.0
1948-07-31,USC00305806,40.85,-73.91667,,0.0
1948-08-01,USC00305806,40.85,-73.91667,,6.9
1948-08-02,USC00305806,40.85,-73.91667,,0.0
1948-08-03,USC00305806,40.85,-73.91667,,6.9
1948-08-04,USC00305806,40.85,-73.91667,,0.0
1948-08-05,USC00305806,40.85,-73.91667,,9.7
1948-08-06,USC00305806,40.85,-73.91667,,0.0
1948-08-07,USC00305806,40.85,-73.91667,,0.0
1948-08-08,USC00305806,40.85,-73.91667,,0.0
1948-08-09,USC00305806,40.85,-73.91667,,0.0
1948-08-10,USC00305806,40.85,-73.91667,,0.0
1948-08-11,USC00305806,40.85,-73.91667,,2.5
1948-08-12,USC00305806,40.85,-73.91667,,45.5
1948-08-13,USC00305806,40.85,-73.91667,,0.0
1948-08-14,USC00305806,40.85,-73.91667,,0.0
1948-08-15,USC00305806,40.85,-73.91667,,0.0
1948-08-16,USC00305806,40.85,-73.91667,,0.0
1948-08-17,USC00305806,40.85,-73.91667,,0.0
1948-08-18,USC00305806,40.85,-73.91667,,0.0
1948-08-19,USC00305806,40.85,-73.91667,,14.0
1948-08-20,USC00305806,40.85,-73.91667,,5.6
1948-08-21,USC00305806,40.85,-73.91667,,0.0
1948-08-22,USC00305806,40.85,-73.91667,,4.1
1948-08-23,USC00305806,40.85,-73.91667,,0.0
1948-08-24,USC00305806,40.85,-73.91667,,0.0
1948-08-25,USC00305806,40.85,-73.91667,,0.0
1948-08-26,USC00305806,40.85,-73.91667,,0.0
1948-08-27,USC00305806,40.85,-73.91667,,0.0
1948-08-28,USC00305806,40.85,-73.91667,,0.0
1948-08-29,USC00305806,40.85,-73.91667,,0.0
1948-08-30,USC00305806,40.85,-73.91667,,0.0
1948-08-31,USC00305806,40.85,-73.91667,,0.0
1948-09-01,USC00305806,40.85,-73.91667,,0.0
1948-09-02,USC00305806,40.85,-73.91667,,0.0
1948-09-03,USC00305806,40.85,-73.91667,,0.0
1948-09-04,USC00305806,40.85,-73.91667,,0.0
1948-09-05,USC00305806,40.85,-73.91667,,0.0
1948-09-06,USC00305806,40.85,-73.91667,,0.0
1948-09-07,USC00305806,40.85,-73.91667,,0.0
1948-09-08,USC00305806,40.85,-73.91667,,0.0
1948-09-09,USC00305806,40.85,-73.91667,,4.1
1948-09-10,USC00305806,40.85,-73.91667,,8.1
1948-09-11,USC00305806,40.85,-73.91667,,0.0
1948-09-12,USC00305806,40.85,-73.91667,,0.0
1948-09-13,USC00305806,40.85,-73.91667,,0.0
1948-09-14,USC00305806,40.85,-73.91667,,0.0
1948-09-15,USC00305806,40.85,-73.91667,,0.0
1948-09-16,USC00305806,40.85,-73.91667,,0.0
1948-09-17,USC00305806,40.85,-73.91667,,0.0
1948-09-18,USC00305806,40.85,-73.91667,,1.0
1948-09-19,USC00305806,40.85,-73.91667,,2.5
1948-09-20,USC00305806,40.85,-73.91667,,0.0
1948-09-21,USC00305806,40.85,-73.91667,,0.0
1948-09-22,USC00305806,40.85,-73.91667,,0.0
1948-09-23,USC00305806,40.85,-73.91667,,0.0
1948-09-24,USC00305806,40.85,-73.91667,,0.0
1948-09-25,USC00305806,40.85,-73.91667,,0.0
1948-09-26,USC00305806,40.85,-73.91667,,0.0
1948-09-27,USC00305806,40.85,-73.91667,,0.0
1948-09-28,USC00305806,40.85,-73.91667,,0.0
1948-09-29,USC00305806,40.85,-73.91667,,0.0
1948-09-30,USC00305806,40.85,-73.91667,,12.7
1948-10-01,USC00305806,40.85,-73.91667,,0.0
1948-10-02,USC00305806,40.85,-73.91667,,0.0
1948-10-03,USC00305806,40.85,-73.91667,,0.0
1948-10-04,USC00305806,40.85,-73.91667,,0.0
1948-10-05,USC00305806,40.85,-73.91667,,1.3
1948-10-06,USC00305806,40.85,-73.91667,,0.5
1948-10-07,USC00305806,40.85,-73.91667,,0.0
1948-10-08,USC00305806,40.85,-73.91667,,23.6
1948-10-09,USC00305806,40.85,-73.91667,,0.0
1948-10-10,USC00305806,40.85,-73.91667,,0.0
1948-10-11,USC00305806,40.85,-73.91667,,0.0
1948-10-12,USC00305806,40.85,-73.91667,,0.0
1948-10-13,USC00305806,40.85,-73.91667,,0.0
1948-10-14,USC00305806,40.85,-73.91667,,0.0
1948-10-15,USC00305806,40.85,-73.91667,,0.0
1948-10-16,USC00305806,40.85,-73.91667,,0.0
1948-10-17,USC00305806,40.85,-73.91667,,0.0
1948-10-18,USC00305806,40.85,-73.91667,,6.4
1948-10-19,USC00305806,40.85,-73.91667,,0.0
1948-10-20,USC00305806,40.85,-73.91667,,0.0
1948-10-21,USC00305806,40.85,-73.91667,,0.0
1948-10-22,USC00305806,40.85,-73.91667,,0.0
1948-10-23,USC00305806,40.85,-73.91667,,0.0
1948-10-24,USC00305806,40.85,-73.91667,,10.4
1948-10-25,USC00305806,40.85,-73.91667,,9.9
1948-10-26,USC00305806,40.85,-73.91667,,0.0
1948-10-27,USC00305806,40.85,-73.91667,,0.0
1948-10-28,USC00305806,40.85,-73.91667,,0.0
1948-10-29,USC00305806,40.85,-73.91667,,0.0
1948-10-30,USC00305806,40.85,-73.91667,,0.0
1948-10-31,USC00305806,40.85,-73.91667,,0.0
1948-11-01,USC00305806,40.85,-73.91667,,0.0
1948-11-02,USC00305806,40.85,-73.91667,,0.0
1948-11-03,USC00305806,40.85,-73.91667,,3.6
1948-11-04,USC00305806,40.85,-73.91667,,11.2
1948-11-05,USC00305806,40.85,-73.91667,,0.0
1948-11-06,USC00305806,40.85,-73.91667,,0.0
1948-11-07,USC00305806,40.85,-73.91667,,6.4
1948-11-08,USC00305806,40.85,-73.91667,,0.0
1948-11-09,USC00305806,40.85,-73.91667,,0.0
1948-11-10,USC00305806,40.85,-73.91667,,22.9
1948-11-11,USC00305806,40.85,-73.91667,,0.0
1948-11-12,USC00305806,40.85,-73.91667,,0.0
1948-11-13,USC00305806,40.85,-73.91667,,2.0
1948-11-14,USC00305806,40.85,-73.91667,,0.0
1948-11-15,USC00305806,40.85,-73.91667,,0.0
1948-11-16,USC00305806,40.85,-73.91667,,0.0
1948-11-17,USC00305806,40.85,-73.91667,,0.0
1948-11-18,USC00305806,40.85,-73.91667,,0.0
1948-11-19,USC00305806,40.85,-73.91667,,8.9
1948-11-20,USC00305806,40.85,-73.91667,,5.3
1948-11-21,USC00305806,40.85,-73.91667,,0.0
1948-11-22,USC00305806,40.85,-73.91667,,3.0
1948-11-23,USC00305806,40.85,-73.91667,,0.0
1948-11-24,USC00305806,40.85,-73.91667,,0.5
1948-11-25,USC00305806,40.85,-73.91667,,0.0
1948-11-26,USC00305806,40.85,-73.91667,,0.0
1948-11-27,USC00305806,40.85,-73.91667,,5.6
1948-11-28,USC00305806,40.85,-73.91667,,0.0
1948-11-29,USC00305806,40.85,-73.91667,,18.3
1948-11-30,USC00305806,40.85,-73.91667,,0.0
1948-12-01,USC00305806,40.85,-73.91667,,0.0
1948-12-02,USC00305806,40.85,-73.91667,,0.0
1948-12-03,USC00305806,40.85,-73.91667,,0.0
1948-12-04,USC00305806,40.85,-73.91667,,0.0
1948-12-05,USC00305806,40.85,-73.91667,,0.0
1948-12-06,USC00305806,40.85,-73.91667,,0.0
1948-12-07,USC00305806,40.85,-73.91667,,0.0
1948-12-08,USC00305806,40.85,-73.91667,,0.0
1948-12-09,USC00305806,40.85,-73.91667,,0.0
1948-12-10,USC00305806,40.85,-73.91667,,0.0
1948-12-11,USC00305806,40.85,-73.91667,,0.0
1948-12-12,USC00305806,40.85,-73.91667,,1.5
1948-12-13,USC00305806,40.85,-73.91667,,0.0
1948-12-14,USC00305806,40.85,-73.91667,,0.0
1948-12-15,USC00305806,40.85,-73.91667,,11.4
1948-12-16,USC00305806,40.85,-73.91667,,6.9
1948-12-17,USC00305806,40.85,-73.91667,,0.0
1948-12-18,USC00305806,40.85,-73.91667,,0.0
1948-12-19,USC00305806,40.85,-73.91667,,16.0
1948-12-20,USC00305806,40.85,-73.91667,,0.0
1948-12-21,USC00305806,40.85,-73.91667,,0.0
1948-12-22,USC00305806,40.85,-73.91667,,0.0
1948-12-23,USC00305806,40.85,-73.91667,,0.0
1948-12-24,USC00305806,40.85,-73.91667,,0.0
1948-12-25,USC00305806,40.85,-73.91667,,0.0
1948-12-26,USC00305806,40.85,-73.91667,,0.0
1948-12-27,USC00305806,40.85,-73.91667,,0.0
1948-12-28,USC00305806,40.85,-73.91667,,0.0
1948-12-29,USC00305806,40.85,-73.91667,,3.3
1948-12-30,USC00305806,40.85,-73.91667,,22.4
1948-12-31,USC00305806,40.85,-73.91667,,27.9
1949-02-01,USC00305806,40.85,-73.91667,,0.0
1949-02-02,USC00305806,40.85,-73.91667,,0.0
1949-02-03,USC00305806,40.85,-73.91667,,0.0
1949-02-04,USC00305806,40.85,-73.91667,,2.5
1949-02-05,USC00305806,40.85,-73.91667,,0.0
1949-02-06,USC00305806,40.85,-73.91667,,0.0
1949-02-07,USC00305806,40.85,-73.91667,,7.4
1949-02-08,USC00305806,40.85,-73.91667,,0.0
1949-02-09,USC00305806,40.85,-73.91667,,0.0
1949-02-10,USC00305806,40.85,-73.91667,,3.8
1949-02-11,USC00305806,40.85,-73.91667,,0.0
1949-02-12,USC00305806,40.85,-73.91667,,0.0
1949-02-13,USC00305806,40.85,-73.91667,,5.1
1949-02-14,USC00305806,40.85,-73.91667,,0.0
1949-02-15,USC00305806,40.85,-73.91667,,2.5
1949-02-16,USC00305806,40.85,-73.91667,,4.3
1949-02-17,USC00305806,40.85,-73.91667,,0.0
1949-02-18,USC00305806,40.85,-73.91667,,0.0
1949-02-19,USC00305806,40.85,-73.91667,,5.1
1949-02-20,USC00305806,40.85,-73.91667,,3.3
1949-02-21,USC00305806,40.85,-73.91667,,0.0
1949-02-22,USC00305806,40.85,-73.91667,,15.5
1949-02-23,USC00305806,40.85,-73.91667,,4.8
1949-02-24,USC00305806,40.85,-73.91667,,0.0
1949-02-25,USC00305806,40.85,-73.91667,,0.8
1949-02-26,USC00305806,40.85,-73.91667,,0.0
1949-02-27,USC00305806,40.85,-73.91667,,0.0
1949-02-28,USC00305806,40.85,-73.91667,,6.6
1949-03-01,USC00305806,40.85,-73.91667,,16.8
1949-03-02,USC00305806,40.85,-73.91667,,0.0
1949-03-03,USC00305806,40.85,-73.91667,,0.0
1949-03-04,USC00305806,40.85,-73.91667,,0.0
1949-03-05,USC00305806,40.85,-73.91667,,0.0
1949-03-06,USC00305806,40.85,-73.91667,,0.0
1949-03-07,USC00305806,40.85,-73.91667,,0.0
1949-03-08,USC00305806,40.85,-73.91667,,0.0
1949-03-09,USC00305806,40.85,-73.91667,,0.0
1949-03-10,USC00305806,40.85,-73.91667,,3.0
1949-03-11,USC00305806,40.85,-73.91667,,8.9
1949-03-12,USC00305806,40.85,-73.91667,,1.8
1949-03-13,USC00305806,40.85,-73.91667,,0.0
1949-03-14,USC00305806,40.85,-73.91667,,0.0
1949-03-15,USC00305806,40.85,-73.91667,,0.0
1949-03-16,USC00305806,40.85,-73.91667,,0.0
1949-03-17,USC00305806,40.85,-73.91667,,0.0
1949-03-18,USC00305806,40.85,-73.91667,,0.0
1949-03-19,USC00305806,40.85,-73.91667,,0.0
1949-03-20,USC00305806,40.85,-73.91667,,0.0
1949-03-21,USC00305806,40.85,-73.91667,,9.4
1949-03-22,USC00305806,40.85,-73.91667,,4.1
1949-03-23,USC00305806,40.85,-73.91667,,5.1
1949-03-24,USC00305806,40.85,-73.91667,,0.0
1949-03-25,USC00305806,40.85,-73.91667,,0.0
1949-03-26,USC00305806,40.85,-73.91667,,0.0
1949-03-27,USC00305806,40.85,-73.91667,,0.0
1949-03-28,USC00305806,40.85,-73.91667,,0.0
1949-03-29,USC00305806,40.85,-73.91667,,0.0
1949-03-30,USC00305806,40.85,-73.91667,,0.0
1949-03-31,USC00305806,40.85,-73.91667,,2.0
1949-04-01,USC00305806,40.85,-73.91667,,7.1
1949-04-02,USC00305806,40.85,-73.91667,,0.0
1949-04-03,USC00305806,40.85,-73.91667,,0.0
1949-04-04,USC00305806,40.85,-73.91667,,0.0
1949-04-05,USC00305806,40.85,-73.91667,,10.2
1949-04-06,USC00305806,40.85,-73.91667,,32.5
1949-04-07,USC00305806,40.85,-73.91667,,0.0
1949-04-08,USC00305806,40.85,-73.91667,,2.3
1949-04-09,USC00305806,40.85,-73.91667,,0.0
1949-04-10,USC00305806,40.85,-73.91667,,0.0
1949-04-11,USC00305806,40.85,-73.91667,,0.0
1949-04-12,USC00305806,40.85,-73.91667,,0.0
1949-04-13,USC00305806,40.85,-73.91667,,0.0
1949-04-14,USC00305806,40.85,-73.91667,,0.0
1949-04-15,USC00305806,40.85,-73.91667,,0.0
1949-04-16,USC00305806,40.85,-73.91667,,9.9
1949-04-17,USC00305806,40.85,-73.91667,,0.0
1949-04-18,USC00305806,40.85,-73.91667,,22.9
1949-04-19,USC00305806,40.85,-73.91667,,5.1
1949-04-20,USC00305806,40.85,-73.91667,,0.0
1949-04-21,USC00305806,40.85,-73.91667,,0.0
1949-04-22,USC00305806,40.85,-73.91667,,0.0
1949-04-23,USC00305806,40.85,-73.91667,,16.0
1949-04-24,USC00305806,40.85,-73.91667,,0.0
1949-04-25,USC00305806,40.85,-73.91667,,0.0
1949-04-26,USC00305806,40.85,-73.91667,,0.8
1949-04-27,USC00305806,40.85,-73.91667,,1.8
1949-04-28,USC00305806,40.85,-73.91667,,0.0
1949-04-29,USC00305806,40.85,-73.91667,,0.0
1949-04-30,USC00305806,40.85,-73.91667,,0.0
1949-05-01,USC00305806,40.85,-73.91667,,5.8
1949-05-02,USC00305806,40.85,-73.91667,,3.0
1949-05-03,USC00305806,40.85,-73.91667,,6.1
1949-05-04,USC00305806,40.85,-73.91667,,0.0
1949-05-05,USC00305806,40.85,-73.91667,,2.3
1949-05-06,USC00305806,40.85,-73.91667,,14.5
1949-05-07,USC00305806,40.85,-73.91667,,2.8
1949-05-08,USC00305806,40.85,-73.91667,,0.0
1949-05-09,USC00305806,40.85,-73.91667,,3.6
1949-05-10,USC00305806,40.85,-73.91667,,3.3
1949-05-11,USC00305806,40.85,-73.91667,,0.0
1949-05-12,USC00305806,40.85,-73.91667,,0.0
1949-05-13,USC00305806,40.85,-73.91667,,0.0
1949-05-14,USC00305806,40.85,-73.91667,,0.0
1949-05-15,USC00305806,40.85,-73.91667,,0.0
1949-05-16,USC00305806,40.85,-73.91667,,0.0
1949-05-17,USC00305806,40.85,-73.91667,,0.0
1949-05-18,USC00305806,40.85,-73.91667,,0.0
1949-05-19,USC00305806,40.85,-73.91667,,1.3
1949-05-20,USC00305806,40.85,-73.91667,,12.4
1949-05-21,USC00305806,40.85,-73.91667,,0.0
1949-05-22,USC00305806,40.85,-73.91667,,21.1
1949-05-23,USC00305806,40.85,-73.91667,,0.0
1949-05-24,USC00305806,40.85,-73.91667,,3.6
1949-05-25,USC00305806,40.85,-73.91667,,1.8
1949-05-26,USC00305806,40.85,-73.91667,,0.5
1949-05-27,USC00305806,40.85,-73.91667,,0.0
1949-05-28,USC00305806,40.85,-73.91667,,0.0
1949-05-29,USC00305806,40.85,-73.91667,,0.0
1949-05-30,USC00305806,40.85,-73.91667,,0.0
1949-05-31,USC00305806,40.85,-73.91667,,0.0
1949-06-01,USC00305806,40.85,-73.91667,,0.0
1949-06-02,USC00305806,40.85,-73.91667,,0.0
1949-06-03,USC00305806,40.85,-73.91667,,0.0
1949-06-04,USC00305806,40.85,-73.91667,,0.0
1949-06-05,USC00305806,40.85,-73.91667,,0.0
1949-06-06,USC00305806,40.85,-73.91667,,0.0
1949-06-07,USC00305806,40.85,-73.91667,,0.0
1949-06-08,USC00305806,40.85,-73.91667,,0.0
1949-06-09,USC00305806,40.85,-73.91667,,0.0
1949-06-10,USC00305806,40.85,-73.91667,,0.0
1949-06-11,USC00305806,40.85,-73.91667,,0.0
1949-06-12,USC00305806,40.85,-73.91667,,0.0
1949-06-13,USC00305806,40.85,-73.91667,,0.0
1949-06-14,USC00305806,40.85,-73.91667,,0.0
1949-06-15,USC00305806,40.85,-73.91667,,0.0
1949-06-16,USC00305806,40.85,-73.91667,,0.0
1949-06-17,USC00305806,40.85,-73.91667,,0.0
1949-06-18,USC00305806,40.85,-73.91667,,0.0
1949-06-19,USC00305806,40.85,-73.91667,,0.0
1949-06-20,USC00305806,40.85,-73.91667,,0.0
1949-06-21,USC00305806,40.85,-73.91667,,0.0
1949-06-22,USC00305806,40.85,-73.91667,,0.0
1949-06-23,USC00305806,40.85,-73.91667,,0.0
1949-06-24,USC00305806,40.85,-73.91667,,0.0
1949-06-25,USC00305806,40.85,-73.91667,,0.0
1949-06-26,USC00305806,40.85,-73.91667,,0.0
1949-06-27,USC00305806,40.85,-73.91667,,0.0
1949-06-28,USC00305806,40.85,-73.91667,,0.0
1949-06-29,USC00305806,40.85,-73.91667,,0.0
1949-06-30,USC00305806,40.85,-73.91667,,0.0
1949-07-01,USC00305806,40.85,-73.91667,,0.0
1949-07-02,USC00305806,40.85,-73.91667,,0.0
1949-07-03,USC00305806,40.85,-73.91667,,0.0
1949-07-04,USC00305806,40.85,-73.91667,,0.5
1949-07-05,USC00305806,40.85,-73.91667,,0.0
1949-07-06,USC00305806,40.85,-73.91667,,20.6
1949-07-07,USC00305806,40.85,-73.91667,,0.0
1949-07-08,USC00305806,40.85,-73.91667,,0.0
1949-07-09,USC00305806,40.85,-73.91667,,0.0
1949-07-10,USC00305806,40.85,-73.91667,,4.8
1949-07-11,USC00305806,40.85,-73.91667,,0.0
1949-07-12,USC00305806,40.85,-73.91667,,0.3
1949-07-13,USC00305806,40.85,-73.91667,,17.5
1949-07-14,USC00305806,40.85,-73.91667,,0.0
1949-07-15,USC00305806,40.85,-73.91667,,0.0
1949-07-16,USC00305806,40.85,-73.91667,,0.0
1949-07-17,USC00305806,40.85,-73.91667,,16.3
1949-07-18,USC00305806,40.85,-73.91667,,0.0
1949-07-19,USC00305806,40.85,-73.91667,,0.0
1949-07-20,USC00305806,40.85,-73.91667,,0.0
1949-07-21,USC00305806,40.85,-73.91667,,0.8
1949-07-22,USC00305806,40.85,-73.91667,,0.0
1949-07-23,USC00305806,40.85,-73.91667,,0.0
1949-07-24,USC00305806,40.85,-73.91667,,0.0
1949-07-25,USC00305806,40.85,-73.91667,,8.9
1949-07-26,USC00305806,40.85,-73.91667,,0.0
1949-07-27,USC00305806,40.85,-73.91667,,30.0
1949-07-28,USC00305806,40.85,-73.91667,,1.8
1949-07-29,USC00305806,40.85,-73.91667,,0.0
1949-07-30,USC00305806,40.85,-73.91667,,18.3
1949-07-31,USC00305806,40.85,-73.91667,,0.0
1949-08-01,USC00305806,40.85,-73.91667,,0.0
1949-08-02,USC00305806,40.85,-73.91667,,2.8
1949-08-03,USC00305806,40.85,-73.91667,,10.2
1949-08-04,USC00305806,40.85,-73.91667,,6.9
1949-08-05,USC00305806,40.85,-73.91667,,0.0
1949-08-06,USC00305806,40.85,-73.91667,,0.0
1949-08-07,USC00305806,40.85,-73.91667,,0.0
1949-08-08,USC00305806,40.85,-73.91667,,0.0
1949-08-09,USC00305806,40.85,-73.91667,,0.0
1949-08-10,USC00305806,40.85,-73.91667,,0.0
1949-08-11,USC00305806,40.85,-73.91667,,1.0
1949-08-12,USC00305806,40.85,-73.91667,,2.5
1949-08-13,USC00305806,40.85,-73.91667,,8.6
1949-08-14,USC00305806,40.85,-73.91667,,0.0
1949-08-15,USC00305806,40.85,-73.91667,,0.0
1949-08-16,USC00305806,40.85,-73.91667,,43.2
1949-08-17,USC00305806,40.85,-73.91667,,0.0
1949-08-18,USC00305806,40.85,-73.91667,,1.3
1949-08-19,USC00305806,40.85,-73.91667,,0.0
1949-08-20,USC00305806,40.85,-73.91667,,0.0
1949-08-21,USC00305806,40.85,-73.91667,,0.0
1949-08-22,USC00305806,40.85,-73.91667,,0.0
1949-08-23,USC00305806,40.85,-73.91667,,0.0
1949-08-24,USC00305806,40.85,-73.91667,,0.0
1949-08-25,USC00305806,40.85,-73.91667,,0.0
1949-08-26,USC00305806,40.85,-73.91667,,0.0
1949-08-27,USC00305806,40.85,-73.91667,,0.0
1949-08-28,USC00305806,40.85,-73.91667,,0.0
1949-08-29,USC00305806,40.85,-73.91667,,32.3
1949-08-30,USC00305806,40.85,-73.91667,,7.6
1949-08-31,USC00305806,40.85,-73.91667,,0.0
1949-09-01,USC00305806,40.85,-73.91667,,0.0
1949-09-02,USC00305806,40.85,-73.91667,,0.0
1949-09-03,USC00305806,40.85,-73.91667,,0.0
1949-09-04,USC00305806,40.85,-73.91667,,0.0
1949-09-05,USC00305806,40.85,-73.91667,,6.6
1949-09-06,USC00305806,40.85,-73.91667,,3.6
1949-09-07,USC00305806,40.85,-73.91667,,0.0
1949-09-08,USC00305806,40.85,-73.91667,,9.7
1949-09-09,USC00305806,40.85,-73.91667,,0.0
1949-09-10,USC00305806,40.85,-73.91667,,0.0
1949-09-11,USC00305806,40.85,-73.91667,,0.0
1949-09-12,USC00305806,40.85,-73.91667,,1.3
1949-09-13,USC00305806,40.85,-73.91667,,22.4
1949-09-14,USC00305806,40.85,-73.91667,,0.0
1949-09-15,USC00305806,40.85,-73.91667,,0.0
1949-09-16,USC00305806,40.85,-73.91667,,1.3
1949-09-17,USC00305806,40.85,-73.91667,,0.0
1949-09-18,USC00305806,40.85,-73.91667,,1.5
1949-09-19,USC00305806,40.85,-73.91667,,0.0
1949-09-20,USC00305806,40.85,-73.91667,,0.0
1949-09-21,USC00305806,40.85,-73.91667,,0.0
1949-09-22,USC00305806,40.85,-73.91667,,5.1
1949-09-23,USC00305806,40.85,-73.91667,,3.8
1949-09-24,USC00305806,40.85,-73.91667,,0.0
1949-09-25,USC00305806,40.85,-73.91667,,0.0
1949-09-26,USC00305806,40.85,-73.91667,,0.0
1949-09-27,USC00305806,40.85,-73.91667,,0.0
1949-09-28,USC00305806,40.85,-73.91667,,0.0
1949-09-29,USC00305806,40.85,-73.91667,,27.9
1949-09-30,USC00305806,40.85,-73.91667,,0.0
1949-10-01,USC00305806,40.85,-73.91667,,0.0
1949-10-02,USC00305806,40.85,-73.91667,,0.0
1949-10-03,USC00305806,40.85,-73.91667,,0.0
1949-10-04,USC00305806,40.85,-73.91667,,0.0
1949-10-05,USC00305806,40.85,-73.91667,,2.0
1949-10-06,USC00305806,40.85,-73.91667,,0.0
1949-10-07,USC00305806,40.85,-73.91667,,0.0
1949-10-08,USC00305806,40.85,-73.91667,,0.0
1949-10-09,USC00305806,40.85,-73.91667,,0.0
1949-10-10,USC00305806,40.85,-73.91667,,0.0
1949-10-11,USC00305806,40.85,-73.91667,,0.0
1949-10-12,USC00305806,40.85,-73.91667,,0.0
1949-10-13,USC00305806,40.85,-73.91667,,2.0
1949-10-14,USC00305806,40.85,-73.91667,,0.0
1949-10-15,USC00305806,40.85,-73.91667,,0.0
1949-10-16,USC00305806,40.85,-73.91667,,0.0
1949-10-17,USC00305806,40.85,-73.91667,,0.0
1949-10-18,USC00305806,40.85,-73.91667,,0.0
1949-10-19,USC00305806,40.85,-73.91667,,0.0
1949-10-20,USC00305806,40.85,-73.91667,,0.0
1949-10-21,USC00305806,40.85,-73.91667,,0.0
1949-10-22,USC00305806,40.85,-73.91667,,0.0
1949-10-23,USC00305806,40.85,-73.91667,,0.0
1949-10-24,USC00305806,40.85,-73.91667,,0.0
1949-10-25,USC00305806,40.85,-73.91667,,5.3
1949-10-26,USC00305806,40.85,-73.91667,,15.5
1949-10-27,USC00305806,40.85,-73.91667,,0.0
1949-10-28,USC00305806,40.85,-73.91667,,0.5
1949-10-29,USC00305806,40.85,-73.91667,,0.8
1949-10-30,USC00305806,40.85,-73.91667,,1.8
1949-10-31,USC00305806,40.85,-73.91667,,12.2
1949-11-01,USC00305806,40.85,-73.91667,,2.8
1949-11-02,USC00305806,40.85,-73.91667,,0.8
1949-11-03,USC00305806,40.85,-73.91667,,0.0
1949-11-04,USC00305806,40.85,-73.91667,,0.5
1949-11-05,USC00305806,40.85,-73.91667,,0.0
1949-11-06,USC00305806,40.85,-73.91667,,0.0
1949-11-07,USC00305806,40.85,-73.91667,,0.0
1949-11-08,USC00305806,40.85,-73.91667,,0.0
1949-11-09,USC00305806,40.85,-73.91667,,0.0
1949-11-10,USC00305806,40.85,-73.91667,,0.0
1949-11-11,USC00305806,40.85,-73.91667,,0.0
1949-11-12,USC00305806,40.85,-73.91667,,0.0
1949-11-13,USC00305806,40.85,-73.91667,,6.1
1949-11-14,USC00305806,40.85,-73.91667,,0.0
1949-11-15,USC00305806,40.85,-73.91667,,0.0
1949-11-16,USC00305806,40.85,-73.91667,,0.0
1949-11-17,USC00305806,40.85,-73.91667,,0.0
1949-11-18,USC00305806,40.85,-73.91667,,0.0
1949-11-19,USC00305806,40.85,-73.91667,,0.0
1949-11-20,USC00305806,40.85,-73.91667,,0.0
1949-11-21,USC00305806,40.85,-73.91667,,0.0
1949-11-22,USC00305806,40.85,-73.91667,,0.0
1949-11-23,USC00305806,40.85,-73.91667,,0.0
1949-11-24,USC00305806,40.85,-73.91667,,0.0
1949-11-25,USC00305806,40.85,-73.91667,,6.1
1949-11-26,USC00305806,40.85,-73.91667,,0.0
1949-11-27,USC00305806,40.85,-73.91667,,0.0
1949-11-28,USC00305806,40.85,-73.91667,,1.0
1949-11-29,USC00305806,40.85,-73.91667,,3.8
1949-11-30,USC00305806,40.85,-73.91667,,0.0
1950-01-01,USC00305806,40.85,-73.91667,,0.0
1950-01-02,USC00305806,40.85,-73.91667,,0.0
1950-01-03,USC00305806,40.85,-73.91667,,1.3
1950-01-04,USC00305806,40.85,-73.91667,,0.0
1950-01-05,USC00305806,40.85,-73.91667,,0.0
1950-01-06,USC00305806,40.85,-73.91667,,2.5
1950-01-07,USC00305806,40.85,-73.91667,,5.6
1950-01-08,USC00305806,40.85,-73.91667,,0.0
1950-01-09,USC00305806,40.85,-73.91667,,0.0
1950-01-10,USC00305806,40.85,-73.91667,,10.7
1950-01-11,USC00305806,40.85,-73.91667,,0.0
1950-01-12,USC00305806,40.85,-73.91667,,0.0
1950-01-13,USC00305806,40.85,-73.91667,,4.8
1950-01-14,USC00305806,40.85,-73.91667,,0.0
1950-01-15,USC00305806,40.85,-73.91667,,0.0
1950-01-16,USC00305806,40.85,-73.91667,,0.0
1950-01-17,USC00305806,40.85,-73.91667,,0.0
1950-01-18,USC00305806,40.85,-73.91667,,7.1
1950-01-19,USC00305806,40.85,-73.91667,,0.0
1950-01-20,USC00305806,40.85,-73.91667,,0.0
1950-01-21,USC00305806,40.85,-73.91667,,0.0
1950-01-22,USC00305806,40.85,-73.91667,,0.0
1950-01-23,USC00305806,40.85,-73.91667,,0.0
1950-01-24,USC00305806,40.85,-73.91667,,2.8
1950-01-25,USC00305806,40.85,-73.91667,,0.0
1950-01-26,USC00305806,40.85,-73.91667,,0.5
1950-01-27,USC00305806,40.85,-73.91667,,0.8
1950-01-28,USC00305806,40.85,-73.91667,,0.8
1950-01-29,USC00305806,40.85,-73.91667,,11.2
1950-01-30,USC00305806,40.85,-73.91667,,1.0
1950-01-31,USC00305806,40.85,-73.91667,,10.2
1950-02-01,USC00305806,40.85,-73.91667,,2.8
1950-02-02,USC00305806,40.85,-73.91667,,5.6
1950-02-03,USC00305806,40.85,-73.91667,,0.0
1950-02-04,USC00305806,40.85,-73.91667,,0.0
1950-02-05,USC00305806,40.85,-73.91667,,0.0
1950-02-06,USC00305806,40.85,-73.91667,,1.0
1950-02-07,USC00305806,40.85,-73.91667,,0.0
1950-02-08,USC00305806,40.85,-73.91667,,0.0
1950-02-09,USC00305806,40.85,-73.91667,,6.4
1950-02-10,USC00305806,40.85,-73.91667,,0.0
1950-02-11,USC00305806,40.85,-73.91667,,0.0
1950-02-12,USC00305806,40.85,-73.91667,,0.0
1950-02-13,USC00305806,40.85,-73.91667,,27.4
1950-02-14,USC00305806,40.85,-73.91667,,19.8
1950-02-15,USC00305806,40.85,-73.91667,,2.5
1950-02-16,USC00305806,40.85,-73.91667,,0.0
1950-02-17,USC00305806,40.85,-73.91667,,0.0
1950-02-18,USC00305806,40.85,-73.91667,,0.0
1950-02-19,USC00305806,40.85,-73.91667,,0.0
1950-02-20,USC00305806,40.85,-73.91667,,0.0
1950-02-21,USC00305806,40.85,-73.91667,,0.5
1950-02-22,USC00305806,40.85,-73.91667,,4.6
1950-02-23,USC00305806,40.85,-73.91667,,3.3
1950-02-24,USC00305806,40.85,-73.91667,,0.0
1950-02-25,USC00305806,40.85,-73.91667,,0.0
1950-02-26,USC00305806,40.85,-73.91667,,0.0
1950-02-27,USC00305806,40.85,-73.91667,,0.0
1950-02-28,USC00305806,40.85,-73.91667,,0.0
1950-08-01,USC00305806,40.85,-73.91667,,6.6
1950-08-02,USC00305806,40.85,-73.91667,,0.0
1950-08-03,USC00305806,40.85,-73.91667,,19.6
1950-08-04,USC00305806,40.85,-73.91667,,0.0
1950-08-05,USC00305806,40.85,-73.91667,,0.0
1950-08-06,USC00305806,40.85,-73.91667,,0.0
1950-08-07,USC00305806,40.85,-73.91667,,0.5
1950-08-08,USC00305806,40.85,-73.91667,,0.0
1950-08-09,USC00305806,40.85,-73.91667,,0.0
1950-08-10,USC00305806,40.85,-73.91667,,1.0
1950-08-11,USC00305806,40.85,-73.91667,,0.5
1950-08-12,USC00305806,40.85,-73.91667,,0.0
1950-08-13,USC00305806,40.85,-73.91667,,0.0
1950-08-14,USC00305806,40.85,-73.91667,,0.0
1950-08-15,USC00305806,40.85,-73.91667,,0.0
1950-08-16,USC00305806,40.85,-73.91667,,0.0
1950-08-17,USC00305806,40.85,-73.91667,,0.0
1950-08-18,USC00305806,40.85,-73.91667,,0.0
1950-08-19,USC00305806,40.85,-73.91667,,24.9
1950-08-20,USC00305806,40.85,-73.91667,,46.7
1950-08-21,USC00305806,40.85,-73.91667,,0.0
1950-08-22,USC00305806,40.85,-73.91667,,1.8
1950-08-23,USC00305806,40.85,-73.91667,,0.0
1950-08-24,USC00305806,40.85,-73.91667,,0.0
1950-08-25,USC00305806,40.85,-73.91667,,0.0
1950-08-26,USC00305806,40.85,-73.91667,,0.0
1950-08-27,USC00305806,40.85,-73.91667,,0.0
1950-08-28,USC00305806,40.85,-73.91667,,0.0
1950-08-29,USC00305806,40.85,-73.91667,,15.2
1950-08-30,USC00305806,40.85,-73.91667,,0.3
1950-08-31,USC00305806,40.85,-73.91667,,9.1
1950-09-01,USC00305806,40.85,-73.91667,,0.0
1950-09-02,USC00305806,40.85,-73.91667,,0.0
1950-09-03,USC00305806,40.85,-73.91667,,10.2
1950-09-04,USC00305806,40.85,-73.91667,,0.0
1950-09-05,USC00305806,40.85,-73.91667,,0.0
1950-09-06,USC00305806,40.85,-73.91667,,0.0
1950-09-07,USC00305806,40.85,-73.91667,,0.0
1950-09-08,USC00305806,40.85,-73.91667,,0.0
1950-09-09,USC00305806,40.85,-73.91667,,0.0
1950-09-10,USC00305806,40.85,-73.91667,,13.0
1950-09-11,USC00305806,40.85,-73.91667,,7.9
1950-09-12,USC00305806,40.85,-73.91667,,0.0
1950-09-13,USC00305806,40.85,-73.91667,,16.8
1950-09-14,USC00305806,40.85,-73.91667,,0.0
1950-09-15,USC00305806,40.85,-73.91667,,0.0
1950-09-16,USC00305806,40.85,-73.91667,,0.0
1950-09-17,USC00305806,40.85,-73.91667,,0.0
1950-09-18,USC00305806,40.85,-73.91667,,0.0
1950-09-19,USC00305806,40.85,-73.91667,,0.0
1950-09-20,USC00305806,40.85,-73.91667,,0.0
1950-09-23,USC00305806,40.85,-73.91667,,
1950-09-24,USC00305806,40.85,-73.91667,,0.0
1950-09-25,USC00305806,40.85,-73.91667,,0.0
1950-09-26,USC00305806,40.85,-73.91667,,0.0
1950-09-27,USC00305806,40.85,-73.91667,,0.0
1950-09-28,USC00305806,40.85,-73.91667,,0.0
1950-09-29,USC00305806,40.85,-73.91667,,0.0
1950-09-30,USC00305806,40.85,-73.91667,,0.0
1950-10-01,USC00305806,40.85,-73.91667,,0.0
1950-10-02,USC00305806,40.85,-73.91667,,0.0
1950-10-03,USC00305806,40.85,-73.91667,,0.0
1950-10-04,USC00305806,40.85,-73.91667,,0.0
1950-10-05,USC00305806,40.85,-73.91667,,0.0
1950-10-06,USC00305806,40.85,-73.91667,,0.0
1950-10-07,USC00305806,40.85,-73.91667,,0.0
1950-10-08,USC00305806,40.85,-73.91667,,0.0
1950-10-09,USC00305806,40.85,-73.91667,,6.4
1950-10-10,USC00305806,40.85,-73.91667,,6.9
1950-10-11,USC00305806,40.85,-73.91667,,0.0
1950-10-12,USC00305806,40.85,-73.91667,,25.7
1950-10-13,USC00305806,40.85,-73.91667,,0.0
1950-10-14,USC00305806,40.85,-73.91667,,0.0
1950-10-15,USC00305806,40.85,-73.91667,,0.0
1950-10-16,USC00305806,40.85,-73.91667,,0.0
1950-10-17,USC00305806,40.85,-73.91667,,0.0
1950-10-18,USC00305806,40.85,-73.91667,,0.0
1950-10-19,USC00305806,40.85,-73.91667,,0.0
1950-10-20,USC00305806,40.85,-73.91667,,0.0
1950-10-21,USC00305806,40.85,-73.91667,,0.0
1950-10-22,USC00305806,40.85,-73.91667,,0.0
1950-10-23,USC00305806,40.85,-73.91667,,10.4
1950-10-24,USC00305806,40.85,-73.91667,,0.0
1950-10-25,USC00305806,40.85,-73.91667,,0.0
1950-10-26,USC00305806,40.85,-73.91667,,0.0
1950-10-27,USC00305806,40.85,-73.91667,,0.0
1950-10-28,USC00305806,40.85,-73.91667,,2.0
1950-10-29,USC00305806,40.85,-73.91667,,0.0
1950-10-30,USC00305806,40.85,-73.91667,,0.0
1950-10-31,USC00305806,40.85,-73.91667,,0.0
1950-11-01,USC00305806,40.85,-73.91667,,0.0
1950-11-02,USC00305806,40.85,-73.91667,,0.0
1950-11-04,USC00305806,40.85,-73.91667,,
1950-11-05,USC00305806,40.85,-73.91667,,0.8
1950-11-06,USC00305806,40.85,-73.91667,,0.0
1950-11-07,USC00305806,40.85,-73.91667,,0.0
1950-11-08,USC00305806,40.85,-73.91667,,0.0
1950-11-09,USC00305806,40.85,-73.91667,,0.0
1950-11-10,USC00305806,40.85,-73.91667,,0.0
1950-11-11,USC00305806,40.85,-73.91667,,0.0
1950-11-12,USC00305806,40.85,-73.91667,,0.0
1950-11-13,USC00305806,40.85,-73.91667,,0.0
1950-11-14,USC00305806,40.85,-73.91667,,0.0
1950-11-15,USC00305806,40.85,-73.91667,,0.0
1950-11-16,USC00305806,40.85,-73.91667,,0.5
1950-11-17,USC00305806,40.85,-73.91667,,0.0
1950-11-18,USC00305806,40.85,-73.91667,,0.0
1950-11-19,USC00305806,40.85,-73.91667,,0.0
1950-11-20,USC00305806,40.85,-73.91667,,18.0
1950-11-21,USC00305806,40.85,-73.91667,,1.0
1950-11-22,USC00305806,40.85,-73.91667,,0.0
1950-11-23,USC00305806,40.85,-73.91667,,0.0
1950-11-24,USC00305806,40.85,-73.91667,,0.0
1950-11-25,USC00305806,40.85,-73.91667,,23.6
1950-11-26,USC00305806,40.85,-73.91667,,0.0
1950-11-27,USC00305806,40.85,-73.91667,,0.0
1950-11-28,USC00305806,40.85,-73.91667,,0.0
1950-11-29,USC00305806,40.85,-73.91667,,4.8
1950-11-30,USC00305806,40.85,-73.91667,,0.0
1950-12-01,USC00305806,40.85,-73.91667,,0.0
1950-12-02,USC00305806,40.85,-73.91667,,0.8
1950-12-03,USC00305806,40.85,-73.91667,,0.0
1950-12-04,USC00305806,40.85,-73.91667,,33.3
1950-12-05,USC00305806,40.85,-73.91667,,0.0
1950-12-06,USC00305806,40.85,-73.91667,,0.0
1950-12-07,USC00305806,40.85,-73.91667,,6.6
1950-12-08,USC00305806,40.85,-73.91667,,23.9
1950-12-09,USC00305806,40.85,-73.91667,,0.0
1950-12-10,USC00305806,40.85,-73.91667,,5.6
1950-12-11,USC00305806,40.85,-73.91667,,1.3
1950-12-12,USC00305806,40.85,-73.91667,,0.0
1950-12-13,USC00305806,40.85,-73.91667,,0.0
1950-12-14,USC00305806,40.85,-73.91667,,0.0
1950-12-15,USC00305806,40.85,-73.91667,,9.1
1950-12-16,USC00305806,40.85,-73.91667,,19.1
1951-01-01,USC00305806,40.85,-73.91667,,0.0
1951-01-02,USC00305806,40.85,-73.91667,,0.0
1951-01-03,USC00305806,40.85,-73.91667,,0.0
1951-01-04,USC00305806,40.85,-73.91667,,1.3
1951-01-05,USC00305806,40.85,-73.91667,,0.0
1951-01-06,USC00305806,40.85,-73.91667,,0.0
1951-01-07,USC00305806,40.85,-73.91667,,13.7
1951-01-08,USC00305806,40.85,-73.91667,,0.0
1951-01-09,USC00305806,40.85,-73.91667,,0.0
1951-01-10,USC00305806,40.85,-73.91667,,0.0
1951-01-11,USC00305806,40.85,-73.91667,,0.8
1951-01-12,USC00305806,40.85,-73.91667,,0.0
1951-01-13,USC00305806,40.85,-73.91667,,0.0
1951-01-14,USC00305806,40.85,-73.91667,,21.6
1951-01-15,USC00305806,40.85,-73.91667,,8.4
1951-01-16,USC00305806,40.85,-73.91667,,0.0
1951-01-17,USC00305806,40.85,-73.91667,,0.0
1951-01-18,USC00305806,40.85,-73.91667,,0.0
1951-01-19,USC00305806,40.85,-73.91667,,0.0
1951-01-20,USC00305806,40.85,-73.91667,,0.0
1951-01-21,USC00305806,40.85,-73.91667,,0.0
1951-01-22,USC00305806,40.85,-73.91667,,0.0
1951-01-23,USC00305806,40.85,-73.91667,,1.3
1951-01-24,USC00305806,40.85,-73.91667,,33.0
1951-01-25,USC00305806,40.85,-73.91667,,0.0
1951-01-26,USC00305806,40.85,-73.91667,,0.0
1951-01-27,USC00305806,40.85,-73.91667,,0.0
1951-01-28,USC00305806,40.85,-73.91667,,1.3
1951-01-29,USC00305806,40.85,-73.91667,,7.6
1951-01-30,USC00305806,40.85,-73.91667,,0.0
1951-01-31,USC00305806,40.85,-73.91667,,1.0
1951-02-01,USC00305806,40.85,-73.91667,,14.2
1951-02-02,USC00305806,40.85,-73.91667,,0.0
1951-02-04,USC00305806,40.85,-73.91667,,
1951-02-05,USC00305806,40.85,-73.91667,,0.0
1951-02-06,USC00305806,40.85,-73.91667,,0.0
1951-02-07,USC00305806,40.85,-73.91667,,21.3
1951-02-08,USC00305806,40.85,-73.91667,,0.0
1951-02-09,USC00305806,40.85,-73.91667,,0.0
1951-02-10,USC00305806,40.85,-73.91667,,0.0
1951-02-11,USC00305806,40.85,-73.91667,,0.0
1951-02-12,USC00305806,40.85,-73.91667,,0.0
1951-02-13,USC00305806,40.85,-73.91667,,0.0
1951-02-14,USC00305806,40.85,-73.91667,,0.0
1951-02-15,USC00305806,40.85,-73.91667,,0.0
1951-02-16,USC00305806,40.85,-73.91667,,0.0
1951-02-17,USC00305806,40.85,-73.91667,,25.9
1951-02-18,USC00305806,40.85,-73.91667,,0.0
1951-02-19,USC00305806,40.85,-73.91667,,2.5
1951-02-20,USC00305806,40.85,-73.91667,,0.5
1951-02-21,USC00305806,40.85,-73.91667,,41.4
1951-02-22,USC00305806,40.85,-73.91667,,1.8
1951-02-23,USC00305806,40.85,-73.91667,,0.0
1951-02-24,USC00305806,40.85,-73.91667,,0.0
1951-02-25,USC00305806,40.85,-73.91667,,0.0
1951-02-26,USC00305806,40.85,-73.91667,,0.0
1951-02-27,USC00305806,40.85,-73.91667,,0.0
1951-02-28,USC00305806,40.85,-73.91667,,0.0
1951-03-01,USC00305806,40.85,-73.91667,,5.3
1951-03-02,USC00305806,40.85,-73.91667,,0.0
1951-03-03,USC00305806,40.85,-73.91667,,2.3
1951-03-04,USC00305806,40.85,-73.91667,,12.2
1951-03-05,USC00305806,40.85,-73.91667,,0.0
1951-03-06,USC00305806,40.85,-73.91667,,0.0
1951-03-07,USC00305806,40.85,-73.91667,,0.5
1951-03-08,USC00305806,40.85,-73.91667,,0.0
1951-03-09,USC00305806,40.85,-73.91667,,0.0
1951-03-10,USC00305806,40.85,-73.91667,,0.0
1951-03-11,USC00305806,40.85,-73.91667,,0.0
1951-03-12,USC00305806,40.85,-73.91667,,0.0
1951-03-13,USC00305806,40.85,-73.91667,,0.0
1951-03-14,USC00305806,40.85,-73.91667,,15.7
1951-03-15,USC00305806,40.85,-73.91667,,0.0
1951-03-16,USC00305806,40.85,-73.91667,,0.0
1951-03-17,USC00305806,40.85,-73.91667,,0.0
1951-03-18,USC00305806,40.85,-73.91667,,0.0
1951-03-19,USC00305806,40.85,-73.91667,,10.4
1951-03-20,USC00305806,40.85,-73.91667,,27.4
1951-03-21,USC00305806,40.85,-73.91667,,0.0
1951-03-22,USC00305806,40.85,-73.91667,,4.6
1951-03-23,USC00305806,40.85,-73.91667,,0.0
1951-03-24,USC00305806,40.85,-73.91667,,3.8
1951-03-25,USC00305806,40.85,-73.91667,,0.0
1951-03-26,USC00305806,40.85,-73.91667,,0.0
1951-03-27,USC00305806,40.85,-73.91667,,0.0
1951-03-28,USC00305806,40.85,-73.91667,,0.0
1951-03-29,USC00305806,40.85,-73.91667,,26.2
1951-03-31,USC00305806,40.85,-73.91667,,0.0
1951-04-01,USC00305806,40.85,-73.91667,,0.0
1951-04-02,USC00305806,40.85,-73.91667,,6.4
1951-04-03,USC00305806,40.85,-73.91667,,16.3
1951-04-04,USC00305806,40.85,-73.91667,,0.0
1951-04-05,USC00305806,40.85,-73.91667,,0.0
1951-04-06,USC00305806,40.85,-73.91667,,0.0
1951-04-07,USC00305806,40.85,-73.91667,,0.0
1951-04-08,USC00305806,40.85,-73.91667,,0.0
1951-04-09,USC00305806,40.85,-73.91667,,0.0
1951-04-10,USC00305806,40.85,-73.91667,,1.8
1951-04-11,USC00305806,40.85,-73.91667,,0.0
1951-04-12,USC00305806,40.85,-73.91667,,3.6
1951-04-13,USC00305806,40.85,-73.91667,,0.0
1951-04-14,USC00305806,40.85,-73.91667,,0.0
1951-04-15,USC00305806,40.85,-73.91667,,0.0
1951-04-16,USC00305806,40.85,-73.91667,,4.3
1951-04-17,USC00305806,40.85,-73.91667,,0.0
1951-04-18,USC00305806,40.85,-73.91667,,0.0
1951-04-19,USC00305806,40.85,-73.91667,,0.0
1951-04-20,USC00305806,40.85,-73.91667,,0.0
1951-04-21,USC00305806,40.85,-73.91667,,0.0
1951-04-22,USC00305806,40.85,-73.91667,,2.0
1951-04-23,USC00305806,40.85,-73.91667,,15.7
1951-04-24,USC00305806,40.85,-73.91667,,0.0
1951-04-25,USC00305806,40.85,-73.91667,,0.0
1951-04-26,USC00305806,40.85,-73.91667,,0.0
1951-04-27,USC00305806,40.85,-73.91667,,0.0
1951-04-28,USC00305806,40.85,-73.91667,,0.0
1951-04-29,USC00305806,40.85,-73.91667,,16.8
1951-04-30,USC00305806,40.85,-73.91667,,0.0
1951-05-01,USC00305806,40.85,-73.91667,,0.0
1951-05-02,USC00305806,40.85,-73.91667,,0.0
1951-05-03,USC00305806,40.85,-73.91667,,0.0
1951-05-04,USC00305806,40.85,-73.91667,,0.0
1951-05-05,USC00305806,40.85,-73.91667,,0.0
1951-05-06,USC00305806,40.85,-73.91667,,0.0
1951-05-07,USC00305806,40.85,-73.91667,,0.0
1951-05-08,USC00305806,40.85,-73.91667,,0.0
1951-05-09,USC00305806,40.85,-73.91667,,0.0
1951-05-10,USC00305806,40.85,-73.91667,,0.0
1951-05-11,USC00305806,40.85,-73.91667,,31.8
1951-05-12,USC00305806,40.85,-73.91667,,0.0
1951-05-13,USC00305806,40.85,-73.91667,,0.0
1951-05-14,USC00305806,40.85,-73.91667,,0.0
1951-05-15,USC00305806,40.85,-73.91667,,0.0
1951-05-16,USC00305806,40.85,-73.91667,,0.0
1951-05-17,USC00305806,40.85,-73.91667,,0.0
1951-05-18,USC00305806,40.85,-73.91667,,0.0
1951-05-19,USC00305806,40.85,-73.91667,,2.0
1951-05-20,USC00305806,40.85,-73.91667,,0.8
1951-05-21,USC00305806,40.85,-73.91667,,0.3
1951-05-22,USC00305806,40.85,-73.91667,,0.0
1951-05-23,USC00305806,40.85,-73.91667,,16.5
1951-05-24,USC00305806,40.85,-73.91667,,26.9
1951-05-25,USC00305806,40.85,-73.91667,,0.0
1951-05-26,USC00305806,40.85,-73.91667,,0.0
1951-05-27,USC00305806,40.85,-73.91667,,4.6
1951-05-28,USC00305806,40.85,-73.91667,,0.0
1951-05-29,USC00305806,40.85,-73.91667,,15.0
1951-05-30,USC00305806,40.85,-73.91667,,1.0
1951-05-31,USC00305806,40.85,-73.91667,,0.0
1951-06-01,USC00305806,40.85,-73.91667,,0.0
1951-06-02,USC00305806,40.85,-73.91667,,0.0
1951-06-03,USC00305806,40.85,-73.91667,,0.5
1951-06-04,USC00305806,40.85,-73.91667,,12.2
1951-06-05,USC00305806,40.85,-73.91667,,0.0
1951-06-06,USC00305806,40.85,-73.91667,,0.0
1951-06-07,USC00305806,40.85,-73.91667,,0.0
1951-06-08,USC00305806,40.85,-73.91667,,2.5
1951-06-09,USC00305806,40.85,-73.91667,,0.0
1951-06-10,USC00305806,40.85,-73.91667,,0.3
1951-06-11,USC00305806,40.85,-73.91667,,0.0
1951-06-12,USC00305806,40.85,-73.91667,,0.0
1951-06-13,USC00305806,40.85,-73.91667,,7.4
1951-06-14,USC00305806,40.85,-73.91667,,19.3
1951-06-15,USC00305806,40.85,-73.91667,,0.5
1951-06-16,USC00305806,40.85,-73.91667,,0.0
1951-06-17,USC00305806,40.85,-73.91667,,0.0
1951-06-18,USC00305806,40.85,-73.91667,,0.0
1951-06-19,USC00305806,40.85,-73.91667,,0.0
1951-06-20,USC00305806,40.85,-73.91667,,0.0
1951-06-21,USC00305806,40.85,-73.91667,,0.0
1951-06-22,USC00305806,40.85,-73.91667,,0.3
1951-06-23,USC00305806,40.85,-73.91667,,8.9
1951-06-24,USC00305806,40.85,-73.91667,,0.0
1951-06-25,USC00305806,40.85,-73.91667,,0.0
1951-06-26,USC00305806,40.85,-73.91667,,0.0
1951-06-27,USC00305806,40.85,-73.91667,,8.9
1951-06-28,USC00305806,40.85,-73.91667,,0.3
1951-06-29,USC00305806,40.85,-73.91667,,10.7
1951-06-30,USC00305806,40.85,-73.91667,,3.8
