{"prefix": {"roocs": "urn:roocs:", "provone": "http://purl.dataone.org/provone/2015/01/15/ontology#", "dcterms": "http://purl.org/dc/terms/"}, "agent": {"roocs:C3S_CDS": {"prov:type": {"$": "prov:Organization", "type": "prov:QUALIFIED_NAME"}, "prov:label": "Copernicus Climate Data Store", "dcterms:source": "https://cds.climate.copernicus.eu"}, "roocs:rook_v0.9.1": {"prov:type": {"$": "prov:SoftwareAgent", "type": "prov:QUALIFIED_NAME"}, "prov:label": "Rook", "dcterms:source": "https://github.com/roocs/rook/releases/tag/v0.9.1"}, "roocs:daops_v0.8.1": {"prov:type": {"$": "prov:SoftwareAgent", "type": "prov:QUALIFIED_NAME"}, "prov:label": "DAOPS", "dcterms:source": "https://github.com/roocs/daops/releases/tag/v0.8.1"}}, "wasAttributedTo": {"_:id1": {"prov:entity": "roocs:rook_v0.9.1", "prov:agent": "roocs:C3S_CDS"}}, "entity": {"roocs:workflow_dfcb352f-1a58-4712-9eab-6395dae2e482": {"prov:type": {"$": "provone:Workflow", "type": "prov:QUALIFIED_NAME"}}, "roocs:c3s-cmip6.ScenarioMIP.IPSL.IPSL-CM6A-LR.ssp585.r1i1p1f1.day.pr.gr.v20190903": {"prov:type": {"$": "provone:Data", "type": "prov:QUALIFIED_NAME"}, "prov:label": "c3s-cmip6.ScenarioMIP.IPSL.IPSL-CM6A-LR.ssp585.r1i1p1f1.day.pr.gr.v20190903"}, "roocs:pr_day_IPSL-CM6A-LR_ssp585_r1i1p1f1_gr_20500101-20991231.nc": {"prov:type": {"$": "provone:Data", "type": "prov:QUALIFIED_NAME"}, "prov:label": "pr_day_IPSL-CM6A-LR_ssp585_r1i1p1f1_gr_20500101-20991231.nc"}}, "activity": {"roocs:orchestrate_dfcb352f-1a58-4712-9eab-6395dae2e482": {"prov:type": {"$": "provone:Execution", "type": "prov:QUALIFIED_NAME"}, "prov:label": "orchestrate", "prov:startTime": "2023-04-12T17:57:38", "prov:endTime": "2023-04-12T17:58:05"}, "roocs:subset_pr_1_c59c8776-2421-4660-8aeb-731f5269be73": {"prov:type": {"$": "provone:Execution", "type": "prov:QUALIFIED_NAME"}, "prov:label": "subset_pr_1", "roocs:time": "2050/2099", "roocs:time_components": "year:2050,2051,2052,2053,2054,2055,2056,2057,2058,2059,2060,2061,2062,2063,2064,2065,2066,2067,2068,2069,2070,2071,2072,2073,2074,2075,2076,2077,2078,2079,2080,2081,2082,2083,2084,2085,2086,2087,2088,2089,2090,2091,2092,2093,2094,2095,2096,2097,2098,2099|month:jan,feb,mar,apr,may,jun,jul,aug,sep,oct,nov,dec|day:1,2,3,4,5,6,7,8,9,10,11,12,13,14,15,16,17,18,19,20,21,22,23,24,25,26,27,28,29,30,31", "roocs:area": "-77,40,-70,45", "roocs:apply_fixes": false}}, "wasAssociatedWith": {"_:id2": {"prov:activity": "roocs:orchestrate_dfcb352f-1a58-4712-9eab-6395dae2e482", "prov:agent": "roocs:rook_v0.9.1", "prov:plan": "roocs:workflow_dfcb352f-1a58-4712-9eab-6395dae2e482"}, "_:id3": {"prov:activity": "roocs:subset_pr_1_c59c8776-2421-4660-8aeb-731f5269be73", "prov:agent": "roocs:daops_v0.8.1", "prov:plan": "roocs:workflow_dfcb352f-1a58-4712-9eab-6395dae2e482"}}, "wasDerivedFrom": {"_:id4": {"prov:generatedEntity": "roocs:pr_day_IPSL-CM6A-LR_ssp585_r1i1p1f1_gr_20500101-20991231.nc", "prov:usedEntity": "roocs:c3s-cmip6.ScenarioMIP.IPSL.IPSL-CM6A-LR.ssp585.r1i1p1f1.day.pr.gr.v20190903", "prov:activity": "roocs:subset_pr_1_c59c8776-2421-4660-8aeb-731f5269be73"}}}