,agency_cd,site_no,datetime,Data codes,Q_m3_s_mean
0,USGS,01342500,1903-10-01,A,0.020954466484
1,USGS,01342500,1903-10-02,A,0.041625764502
2,USGS,01342500,1903-10-03,A,0.022370308814
3,USGS,01342500,1903-10-04,A,0.022370308814
4,USGS,01342500,1903-10-05,A,0.38510911376
5,USGS,01342500,1903-10-06,A,0.055501019336
6,USGS,01342500,1903-10-07,A,0.03964358524
7,USGS,01342500,1903-10-08,A,1.12134712536
8,USGS,01342500,1903-10-09,A,2.4635656542
9,USGS,01342500,1903-10-10,A,1.1043570174
10,USGS,01342500,1903-10-11,A,0.264479347244
11,USGS,01342500,1903-10-12,A,0.14838027618400002
12,USGS,01342500,1903-10-13,A,0.123461451176
13,USGS,01342500,1903-10-14,A,0.090897077586
14,USGS,01342500,1903-10-15,A,0.074756475024
15,USGS,01342500,1903-10-16,A,0.066261421044
16,USGS,01342500,1903-10-17,A,0.09344559378
17,USGS,01342500,1903-10-18,A,0.32847542056
18,USGS,01342500,1903-10-19,A,0.167635731872
19,USGS,01342500,1903-10-20,A,0.16225553101800003
20,USGS,01342500,1903-10-21,A,0.13422185288400001
21,USGS,01342500,1903-10-22,A,0.11043570174
22,USGS,01342500,1903-10-23,A,0.100807973896
23,USGS,01342500,1903-10-24,A,0.074756475024
24,USGS,01342500,1903-10-25,A,0.103073321624
25,USGS,01342500,1903-10-26,A,0.097976289236
26,USGS,01342500,1903-10-27,A,0.08834856139200001
27,USGS,01342500,1903-10-28,A,0.093162425314
28,USGS,01342500,1903-10-29,A,0.093162425314
29,USGS,01342500,1903-10-30,A,0.093162425314
30,USGS,01342500,1903-10-31,A,0.095710941508
31,USGS,01342500,1903-11-01,A,0.081835686674
32,USGS,01342500,1903-11-02,A,0.061447557122
33,USGS,01342500,1903-11-03,A,0.032847542056
34,USGS,01342500,1903-11-04,A,0.031148531260000004
35,USGS,01342500,1903-11-05,A,0.037944574444000005
36,USGS,01342500,1903-11-06,A,0.03964358524
37,USGS,01342500,1903-11-07,A,0.03964358524
38,USGS,01342500,1903-11-08,A,0.03964358524
39,USGS,01342500,1903-11-09,A,0.034546552852
40,USGS,01342500,1903-11-10,A,0.034546552852
41,USGS,01342500,1903-11-11,A,0.034546552852
42,USGS,01342500,1903-11-12,A,0.034546552852
43,USGS,01342500,1903-11-13,A,0.032847542056
44,USGS,01342500,1903-11-14,A,0.031148531260000004
45,USGS,01342500,1903-11-15,A,0.031148531260000004
46,USGS,01342500,1903-11-16,A,0.07419013809200001
47,USGS,01342500,1903-11-17,A,0.39077248308
48,USGS,01342500,1903-11-18,A,0.129124820496
49,USGS,01342500,1903-11-19,A,0.07928717048
50,USGS,01342500,1903-11-20,A,0.074756475024
51,USGS,01342500,1903-11-21,A,0.066261421044
52,USGS,01342500,1903-11-22,A,0.06286339945200001
53,USGS,01342500,1903-11-23,A,0.06088122019
54,USGS,01342500,1903-11-24,A,0.093162425314
55,USGS,01342500,1903-11-25,A,0.07928717048
56,USGS,01342500,1903-11-26,A,0.068526768772
57,USGS,01342500,1903-11-27,A,0.055501019336
58,USGS,01342500,1903-11-28,A,0.055501019336
59,USGS,01342500,1903-11-29,A,0.047005965356
60,USGS,01342500,1903-11-30,A,0.037944574444000005
61,USGS,01342500,1903-12-01,A,0.034546552852
62,USGS,01342500,1903-12-02,A,0.031148531260000004
63,USGS,01342500,1903-12-03,A,0.031148531260000004
64,USGS,01342500,1903-12-04,A,0.031148531260000004
65,USGS,01342500,1903-12-05,A,0.031148531260000004
66,USGS,01342500,1903-12-06,A,0.031148531260000004
67,USGS,01342500,1903-12-07,A,0.031148531260000004
68,USGS,01342500,1903-12-08,A,0.031148531260000004
69,USGS,01342500,1903-12-09,A,0.031148531260000004
70,USGS,01342500,1903-12-10,A,0.039926753706
71,USGS,01342500,1903-12-11,A,0.036245563648
72,USGS,01342500,1903-12-12,A,0.04530695456
73,USGS,01342500,1903-12-13,A,0.081552518208
74,USGS,01342500,1903-12-14,A,0.13167333669
75,USGS,01342500,1903-12-15,A,0.07928717048
76,USGS,01342500,1903-12-16,A,0.066261421044
77,USGS,01342500,1903-12-17,A,0.059182209394
78,USGS,01342500,1903-12-18,A,0.055501019336
79,USGS,01342500,1903-12-19,A,0.048704976152
80,USGS,01342500,1903-12-20,A,0.0991089631
81,USGS,01342500,1903-12-21,A,0.30582194328
82,USGS,01342500,1903-12-22,A,0.17046741653199998
83,USGS,01342500,1903-12-23,A,0.129124820496
84,USGS,01342500,1903-12-24,A,0.108170354012
85,USGS,01342500,1903-12-25,A,0.211526844102
86,USGS,01342500,1903-12-26,A,0.10533866935200001
87,USGS,01342500,1903-12-27,A,0.09344559378
88,USGS,01342500,1903-12-28,A,0.07702182275200001
89,USGS,01342500,1903-12-29,A,0.06286339945200001
90,USGS,01342500,1903-12-30,A,0.055501019336
91,USGS,01342500,1903-12-31,A,0.048704976152
92,USGS,01342500,1904-01-01,A,0.045023786094000005
93,USGS,01342500,1904-01-02,A,0.041625764502
94,USGS,01342500,1904-01-03,A,0.041625764502
95,USGS,01342500,1904-01-04,A,0.041625764502
96,USGS,01342500,1904-01-05,A,0.041625764502
97,USGS,01342500,1904-01-06,A,0.039926753706
98,USGS,01342500,1904-01-07,A,0.037944574444000005
99,USGS,01342500,1904-01-08,A,0.037944574444000005
100,USGS,01342500,1904-01-09,A,0.037944574444000005
101,USGS,01342500,1904-01-10,A,0.034546552852
102,USGS,01342500,1904-01-11,A,0.034546552852
103,USGS,01342500,1904-01-12,A,0.037944574444000005
104,USGS,01342500,1904-01-13,A,0.034546552852
105,USGS,01342500,1904-01-14,A,0.034546552852
106,USGS,01342500,1904-01-15,A,0.034546552852
107,USGS,01342500,1904-01-16,A,0.034546552852
108,USGS,01342500,1904-01-17,A,0.034546552852
109,USGS,01342500,1904-01-18,A,0.031148531260000004
110,USGS,01342500,1904-01-19,A,0.02973268893
111,USGS,01342500,1904-01-20,A,0.0283168466
112,USGS,01342500,1904-01-21,A,0.02690100427
113,USGS,01342500,1904-01-22,A,0.031148531260000004
114,USGS,01342500,1904-01-23,A,0.059182209394
115,USGS,01342500,1904-01-24,A,0.05380200854
116,USGS,01342500,1904-01-25,A,0.045023786094000005
117,USGS,01342500,1904-01-26,A,0.037944574444000005
118,USGS,01342500,1904-01-27,A,0.034546552852
119,USGS,01342500,1904-01-28,A,0.031148531260000004
120,USGS,01342500,1904-01-29,A,0.02973268893
121,USGS,01342500,1904-01-30,A,0.0283168466
122,USGS,01342500,1904-01-31,A,0.0283168466
123,USGS,01342500,1904-02-01,A,0.0283168466
124,USGS,01342500,1904-02-02,A,0.0283168466
125,USGS,01342500,1904-02-03,A,0.02548516194
126,USGS,01342500,1904-02-04,A,0.022370308814
127,USGS,01342500,1904-02-05,A,0.022370308814
128,USGS,01342500,1904-02-06,A,0.036245563648
129,USGS,01342500,1904-02-07,A,1.9793475773400002
130,USGS,01342500,1904-02-08,A,0.9344559378
131,USGS,01342500,1904-02-09,A,0.3964358524
132,USGS,01342500,1904-02-10,A,0.3822774291
133,USGS,01342500,1904-02-11,A,0.30582194328
134,USGS,01342500,1904-02-12,A,0.223419919674
135,USGS,01342500,1904-02-13,A,0.13988522220400001
136,USGS,01342500,1904-02-14,A,0.1132673864
137,USGS,01342500,1904-02-15,A,0.057483198597999996
138,USGS,01342500,1904-02-16,A,0.043324775298
139,USGS,01342500,1904-02-17,A,0.048704976152
140,USGS,01342500,1904-02-18,A,0.037944574444000005
141,USGS,01342500,1904-02-19,A,0.036245563648
142,USGS,01342500,1904-02-20,A,0.032847542056
143,USGS,01342500,1904-02-21,A,0.037944574444000005
144,USGS,01342500,1904-02-22,A,0.105621837818
145,USGS,01342500,1904-02-23,A,0.06286339945200001
146,USGS,01342500,1904-02-24,A,0.048704976152
147,USGS,01342500,1904-02-25,A,0.039926753706
148,USGS,01342500,1904-02-26,A,0.039926753706
149,USGS,01342500,1904-02-27,A,0.032847542056
150,USGS,01342500,1904-02-28,A,0.032847542056
151,USGS,01342500,1904-02-29,A,0.034546552852
152,USGS,01342500,1904-03-01,A,0.034546552852
153,USGS,01342500,1904-03-02,A,0.036245563648
154,USGS,01342500,1904-03-03,A,0.2265347728
155,USGS,01342500,1904-03-04,A,0.7107528496600001
156,USGS,01342500,1904-03-05,A,0.09061390912
157,USGS,01342500,1904-03-06,A,0.06286339945200001
158,USGS,01342500,1904-03-07,A,0.227384278198
159,USGS,01342500,1904-03-08,A,1.37053537544
160,USGS,01342500,1904-03-09,A,0.27467341202
161,USGS,01342500,1904-03-10,A,0.150928792378
162,USGS,01342500,1904-03-11,A,0.11298421793400001
163,USGS,01342500,1904-03-12,A,0.093162425314
164,USGS,01342500,1904-03-13,A,0.06796043184
165,USGS,01342500,1904-03-14,A,0.057483198597999996
166,USGS,01342500,1904-03-15,A,0.05380200854
167,USGS,01342500,1904-03-16,A,0.05380200854
168,USGS,01342500,1904-03-17,A,0.05380200854
169,USGS,01342500,1904-03-18,A,0.050403986948
170,USGS,01342500,1904-03-19,A,0.105621837818
171,USGS,01342500,1904-03-20,A,0.120912934982
172,USGS,01342500,1904-03-21,A,0.081552518208
173,USGS,01342500,1904-03-22,A,0.19425356767600002
174,USGS,01342500,1904-03-23,A,1.7556444892
175,USGS,01342500,1904-03-24,A,1.3025749436
176,USGS,01342500,1904-03-25,A,7.07921165
177,USGS,01342500,1904-03-26,A,6.2863399452
178,USGS,01342500,1904-03-27,A,1.132673864
179,USGS,01342500,1904-03-28,A,0.5521785087
180,USGS,01342500,1904-03-29,A,0.4955448155
181,USGS,01342500,1904-03-30,A,0.5946537786
182,USGS,01342500,1904-03-31,A,0.7362380116
183,USGS,01342500,1904-04-01,A,2.4635656542
184,USGS,01342500,1904-04-02,A,1.24027788108
185,USGS,01342500,1904-04-03,A,0.43607943764
186,USGS,01342500,1904-04-04,A,0.22936645746
187,USGS,01342500,1904-04-05,A,0.19963376853
188,USGS,01342500,1904-04-06,A,0.60031714792
189,USGS,01342500,1904-04-07,A,0.7787132815
190,USGS,01342500,1904-04-08,A,0.44174280696
191,USGS,01342500,1904-04-09,A,0.7928717048
192,USGS,01342500,1904-04-10,A,0.61730725588
193,USGS,01342500,1904-04-11,A,0.47572302288
194,USGS,01342500,1904-04-12,A,0.50120818482
195,USGS,01342500,1904-04-13,A,0.2123763495
196,USGS,01342500,1904-04-14,A,0.13592086368
197,USGS,01342500,1904-04-15,A,0.141584233
198,USGS,01342500,1904-04-16,A,0.13308917902
199,USGS,01342500,1904-04-17,A,0.232764479052
200,USGS,01342500,1904-04-18,A,0.26051498872
201,USGS,01342500,1904-04-19,A,0.164804047212
202,USGS,01342500,1904-04-20,A,0.12459412504000002
203,USGS,01342500,1904-04-21,A,0.10335649009
204,USGS,01342500,1904-04-22,A,0.178962470512
205,USGS,01342500,1904-04-23,A,0.38794079842
206,USGS,01342500,1904-04-24,A,0.21181001256800003
207,USGS,01342500,1904-04-25,A,0.27014271656399996
208,USGS,01342500,1904-04-26,A,0.151211960844
209,USGS,01342500,1904-04-27,A,0.28883183532
210,USGS,01342500,1904-04-28,A,0.46439628423999996
211,USGS,01342500,1904-04-29,A,0.214641697228
212,USGS,01342500,1904-04-30,A,0.19538624154
213,USGS,01342500,1904-05-01,A,0.14838027618400002
214,USGS,01342500,1904-05-02,A,0.093728762246
215,USGS,01342500,1904-05-03,A,0.064562410248
216,USGS,01342500,1904-05-04,A,0.06088122019
217,USGS,01342500,1904-05-05,A,0.057200030132
218,USGS,01342500,1904-05-06,A,0.051253492346000004
219,USGS,01342500,1904-05-07,A,0.047855470754
220,USGS,01342500,1904-05-08,A,0.046156459957999996
221,USGS,01342500,1904-05-09,A,0.044457449162
222,USGS,01342500,1904-05-10,A,0.04105942757
223,USGS,01342500,1904-05-11,A,0.04105942757
224,USGS,01342500,1904-05-12,A,0.037944574444000005
225,USGS,01342500,1904-05-13,A,0.03256437359
226,USGS,01342500,1904-05-14,A,0.031714868192000006
227,USGS,01342500,1904-05-15,A,0.30582194328
228,USGS,01342500,1904-05-16,A,0.15687533016400002
229,USGS,01342500,1904-05-17,A,0.079853507412
230,USGS,01342500,1904-05-18,A,0.054934682404
231,USGS,01342500,1904-05-19,A,0.04955448155
232,USGS,01342500,1904-05-20,A,0.068526768772
233,USGS,01342500,1904-05-21,A,0.064562410248
234,USGS,01342500,1904-05-22,A,0.047855470754
235,USGS,01342500,1904-05-23,A,0.037661405978
236,USGS,01342500,1904-05-24,A,0.054934682404
237,USGS,01342500,1904-05-25,A,0.037661405978
238,USGS,01342500,1904-05-26,A,0.084384202868
239,USGS,01342500,1904-05-27,A,0.07758815968400001
240,USGS,01342500,1904-05-28,A,0.044457449162
241,USGS,01342500,1904-05-29,A,0.035962395182
242,USGS,01342500,1904-05-30,A,0.039360416774
243,USGS,01342500,1904-05-31,A,0.047855470754
244,USGS,01342500,1904-06-01,A,0.037944574444000005
245,USGS,01342500,1904-06-02,A,0.033413878988
246,USGS,01342500,1904-06-03,A,0.033413878988
247,USGS,01342500,1904-06-04,A,0.167635731872
248,USGS,01342500,1904-06-05,A,0.064562410248
249,USGS,01342500,1904-06-06,A,0.054934682404
250,USGS,01342500,1904-06-07,A,0.034263384386
251,USGS,01342500,1904-06-08,A,0.033413878988
252,USGS,01342500,1904-06-09,A,0.39926753706
253,USGS,01342500,1904-06-10,A,0.173299101192
254,USGS,01342500,1904-06-11,A,0.084384202868
255,USGS,01342500,1904-06-12,A,0.04955448155
256,USGS,01342500,1904-06-13,A,0.034263384386
257,USGS,01342500,1904-06-14,A,0.033413878988
258,USGS,01342500,1904-06-15,A,0.035962395182
259,USGS,01342500,1904-06-16,A,0.05946537786
260,USGS,01342500,1904-06-17,A,0.04105942757
261,USGS,01342500,1904-06-18,A,0.035962395182
262,USGS,01342500,1904-06-19,A,0.034263384386
263,USGS,01342500,1904-06-20,A,0.031714868192000006
264,USGS,01342500,1904-06-21,A,0.033413878988
265,USGS,01342500,1904-06-22,A,0.033413878988
266,USGS,01342500,1904-06-23,A,0.033413878988
267,USGS,01342500,1904-06-24,A,0.033413878988
268,USGS,01342500,1904-06-25,A,0.0283168466
269,USGS,01342500,1904-06-26,A,0.05946537786
270,USGS,01342500,1904-06-27,A,0.05946537786
271,USGS,01342500,1904-06-28,A,0.05946537786
272,USGS,01342500,1904-06-29,A,0.04105942757
273,USGS,01342500,1904-06-30,A,0.044457449162
274,USGS,01342500,1904-07-01,A,0.057200030132
275,USGS,01342500,1904-07-02,A,0.037944574444000005
276,USGS,01342500,1904-07-03,A,0.034263384386
277,USGS,01342500,1904-07-04,A,0.031714868192000006
278,USGS,01342500,1904-07-05,A,0.04955448155
279,USGS,01342500,1904-07-06,A,0.042758438366000004
280,USGS,01342500,1904-07-07,A,0.033413878988
281,USGS,01342500,1904-07-08,A,0.030015857396000004
282,USGS,01342500,1904-07-09,A,0.024635656542
283,USGS,01342500,1904-07-10,A,0.046156459957999996
284,USGS,01342500,1904-07-11,A,0.06088122019
285,USGS,01342500,1904-07-12,A,0.084384202868
286,USGS,01342500,1904-07-13,A,0.057200030132
287,USGS,01342500,1904-07-14,A,0.034263384386
288,USGS,01342500,1904-07-15,A,0.031714868192000006
289,USGS,01342500,1904-07-16,A,0.0283168466
290,USGS,01342500,1904-07-17,A,0.0283168466
291,USGS,01342500,1904-07-18,A,0.05946537786
292,USGS,01342500,1904-07-19,A,0.030015857396000004
293,USGS,01342500,1904-07-20,A,0.024635656542
294,USGS,01342500,1904-07-21,A,0.024635656542
295,USGS,01342500,1904-07-22,A,0.02265347728
296,USGS,01342500,1904-07-23,A,0.24635656541999998
297,USGS,01342500,1904-07-24,A,0.042758438366000004
298,USGS,01342500,1904-07-25,A,0.030015857396000004
299,USGS,01342500,1904-07-26,A,0.178962470512
300,USGS,01342500,1904-07-27,A,0.053235671607999996
301,USGS,01342500,1904-07-28,A,0.07758815968400001
302,USGS,01342500,1904-07-29,A,0.17046741653199998
303,USGS,01342500,1904-07-30,A,0.054934682404
304,USGS,01342500,1904-07-31,A,0.039360416774
305,USGS,01342500,1904-08-01,A,0.046156459957999996
306,USGS,01342500,1904-08-02,A,0.134788189816
307,USGS,01342500,1904-08-03,A,0.04105942757
308,USGS,01342500,1904-08-04,A,0.033413878988
309,USGS,01342500,1904-08-05,A,0.026334667338000002
310,USGS,01342500,1904-08-06,A,0.030015857396000004
311,USGS,01342500,1904-08-07,A,0.02265347728
312,USGS,01342500,1904-08-08,A,0.020954466484
313,USGS,01342500,1904-08-09,A,0.020954466484
314,USGS,01342500,1904-08-10,A,0.020954466484
315,USGS,01342500,1904-08-11,A,0.020954466484
316,USGS,01342500,1904-08-12,A,0.020954466484
317,USGS,01342500,1904-08-13,A,0.020954466484
318,USGS,01342500,1904-08-14,A,0.026334667338000002
319,USGS,01342500,1904-08-15,A,0.019255455688000002
320,USGS,01342500,1904-08-16,A,0.019255455688000002
321,USGS,01342500,1904-08-17,A,0.017556444892
322,USGS,01342500,1904-08-18,A,0.019255455688000002
323,USGS,01342500,1904-08-19,A,0.016706939494
324,USGS,01342500,1904-08-20,A,0.34546552852
325,USGS,01342500,1904-08-21,A,0.07305746422800001
326,USGS,01342500,1904-08-22,A,0.41625764502
327,USGS,01342500,1904-08-23,A,0.11355055486599999
328,USGS,01342500,1904-08-24,A,0.057200030132
329,USGS,01342500,1904-08-25,A,0.04105942757
330,USGS,01342500,1904-08-26,A,0.031148531260000004
331,USGS,01342500,1904-08-27,A,0.02690100427
332,USGS,01342500,1904-08-28,A,0.02406931961
333,USGS,01342500,1904-08-29,A,0.02123763495
334,USGS,01342500,1904-08-30,A,0.01982179262
335,USGS,01342500,1904-08-31,A,0.01840595029
336,USGS,01342500,1904-09-01,A,0.017273276426
337,USGS,01342500,1904-09-02,A,0.015857434096000003
338,USGS,01342500,1904-09-03,A,0.013592086368
339,USGS,01342500,1904-09-04,A,0.01840595029
340,USGS,01342500,1904-09-05,A,0.015857434096000003
341,USGS,01342500,1904-09-06,A,0.013592086368
342,USGS,01342500,1904-09-07,A,0.013592086368
343,USGS,01342500,1904-09-08,A,0.013592086368
344,USGS,01342500,1904-09-09,A,0.013592086368
345,USGS,01342500,1904-09-10,A,0.013592086368
346,USGS,01342500,1904-09-11,A,0.013592086368
347,USGS,01342500,1904-09-12,A,0.013592086368
348,USGS,01342500,1904-09-13,A,0.013592086368
349,USGS,01342500,1904-09-14,A,0.013592086368
350,USGS,01342500,1904-09-15,A,0.051253492346000004
351,USGS,01342500,1904-09-16,A,0.022936645746000003
352,USGS,01342500,1904-09-17,A,0.015857434096000003
353,USGS,01342500,1904-09-18,A,0.015857434096000003
354,USGS,01342500,1904-09-19,A,0.017273276426
355,USGS,01342500,1904-09-20,A,0.017273276426
356,USGS,01342500,1904-09-21,A,0.017273276426
357,USGS,01342500,1904-09-22,A,0.015857434096000003
358,USGS,01342500,1904-09-23,A,0.015857434096000003
359,USGS,01342500,1904-09-24,A,0.028883183532000003
360,USGS,01342500,1904-09-25,A,0.031998036657999995
361,USGS,01342500,1904-09-26,A,0.043324775298
362,USGS,01342500,1904-09-27,A,0.024352488076
363,USGS,01342500,1904-09-28,A,0.018689118756
364,USGS,01342500,1904-09-29,A,0.051253492346000004
365,USGS,01342500,1904-09-30,A,0.038510911376000004
366,USGS,01342500,1904-10-01,A,0.020104961086
367,USGS,01342500,1904-10-02,A,0.018689118756
368,USGS,01342500,1904-10-03,A,0.015857434096000003
369,USGS,01342500,1904-10-04,A,0.015857434096000003
370,USGS,01342500,1904-10-05,A,0.015857434096000003
371,USGS,01342500,1904-10-06,A,0.018689118756
372,USGS,01342500,1904-10-07,A,0.020104961086
373,USGS,01342500,1904-10-08,A,0.015857434096000003
374,USGS,01342500,1904-10-09,A,0.017273276426
375,USGS,01342500,1904-10-10,A,0.04587329149200001
376,USGS,01342500,1904-10-11,A,0.075605980422
377,USGS,01342500,1904-10-12,A,0.042192101434
378,USGS,01342500,1904-10-13,A,0.030582194328000002
379,USGS,01342500,1904-10-14,A,0.027184172736
380,USGS,01342500,1904-10-15,A,0.024352488076
381,USGS,01342500,1904-10-16,A,0.024352488076
382,USGS,01342500,1904-10-17,A,0.018689118756
383,USGS,01342500,1904-10-18,A,0.018689118756
384,USGS,01342500,1904-10-19,A,0.018689118756
385,USGS,01342500,1904-10-20,A,0.018689118756
386,USGS,01342500,1904-10-21,A,0.88914898324
387,USGS,01342500,1904-10-22,A,0.140734727602
388,USGS,01342500,1904-10-23,A,0.08211885514
389,USGS,01342500,1904-10-24,A,0.05521785087
390,USGS,01342500,1904-10-25,A,0.047572302288
391,USGS,01342500,1904-10-26,A,0.051253492346000004
392,USGS,01342500,1904-10-27,A,0.058899040928
393,USGS,01342500,1904-10-28,A,0.049271313084
394,USGS,01342500,1904-10-29,A,0.047572302288
395,USGS,01342500,1904-10-30,A,0.04389111223
396,USGS,01342500,1904-10-31,A,0.035112889784
397,USGS,01342500,1904-11-01,A,0.033413878988
398,USGS,01342500,1904-11-02,A,0.030582194328000002
399,USGS,01342500,1904-11-03,A,0.028883183532000003
400,USGS,01342500,1904-11-04,A,0.027184172736
401,USGS,01342500,1904-11-05,A,0.027184172736
402,USGS,01342500,1904-11-06,A,0.027184172736
403,USGS,01342500,1904-11-07,A,0.027184172736
404,USGS,01342500,1904-11-08,A,0.025768330406
405,USGS,01342500,1904-11-09,A,0.024352488076
406,USGS,01342500,1904-11-10,A,0.025768330406
407,USGS,01342500,1904-11-11,A,0.024352488076
408,USGS,01342500,1904-11-12,A,0.024352488076
409,USGS,01342500,1904-11-13,A,0.024352488076
410,USGS,01342500,1904-11-14,A,0.024352488076
411,USGS,01342500,1904-11-15,A,0.022936645746000003
412,USGS,01342500,1904-11-16,A,0.024352488076
413,USGS,01342500,1904-11-17,A,0.020104961086
414,USGS,01342500,1904-11-18,A,0.017273276426
415,USGS,01342500,1904-11-19,A,0.017273276426
416,USGS,01342500,1904-11-20,A,0.024352488076
417,USGS,01342500,1904-11-21,A,0.033697047454
418,USGS,01342500,1904-11-22,A,0.030582194328000002
419,USGS,01342500,1904-11-23,A,0.027184172736
420,USGS,01342500,1904-11-24,A,0.025768330406
421,USGS,01342500,1904-11-25,A,0.028883183532000003
422,USGS,01342500,1904-11-26,A,0.027184172736
423,USGS,01342500,1904-11-27,A,0.025768330406
424,USGS,01342500,1904-11-28,A,0.024352488076
425,USGS,01342500,1904-11-29,A,0.024352488076
426,USGS,01342500,1904-11-30,A,0.027184172736
427,USGS,01342500,1904-12-01,A,0.028883183532000003
428,USGS,01342500,1904-12-02,A,0.022936645746000003
429,USGS,01342500,1904-12-03,A,0.017273276426
430,USGS,01342500,1904-12-04,A,0.015857434096000003
431,USGS,01342500,1904-12-05,A,0.015857434096000003
432,USGS,01342500,1904-12-06,A,0.017273276426
433,USGS,01342500,1904-12-07,A,0.017273276426
434,USGS,01342500,1904-12-08,A,0.017273276426
435,USGS,01342500,1904-12-09,A,0.017273276426
436,USGS,01342500,1904-12-10,A,0.017273276426
437,USGS,01342500,1904-12-11,A,0.015857434096000003
438,USGS,01342500,1904-12-12,A,0.015857434096000003
439,USGS,01342500,1904-12-13,A,0.015857434096000003
440,USGS,01342500,1904-12-14,A,0.015857434096000003
441,USGS,01342500,1904-12-15,A,0.015857434096000003
442,USGS,01342500,1904-12-16,A,0.015857434096000003
443,USGS,01342500,1904-12-17,A,0.015857434096000003
444,USGS,01342500,1904-12-18,A,0.018689118756
445,USGS,01342500,1904-12-19,A,0.018689118756
446,USGS,01342500,1904-12-20,A,0.018689118756
447,USGS,01342500,1904-12-21,A,0.018689118756
448,USGS,01342500,1904-12-22,A,0.020104961086
449,USGS,01342500,1904-12-23,A,0.038510911376000004
450,USGS,01342500,1904-12-24,A,0.20841199097600002
451,USGS,01342500,1904-12-25,A,0.058899040928
452,USGS,01342500,1904-12-26,A,0.037095069046000004
453,USGS,01342500,1904-12-27,A,0.62013894054
454,USGS,01342500,1904-12-28,A,0.74190138092
455,USGS,01342500,1904-12-29,A,0.193687230744
456,USGS,01342500,1904-12-30,A,0.112134712536
457,USGS,01342500,1904-12-31,A,0.097976289236
458,USGS,01342500,1905-01-01,A,0.22710110973199998
459,USGS,01342500,1905-01-02,A,0.4955448155
460,USGS,01342500,1905-01-03,A,0.17103375346400002
461,USGS,01342500,1905-01-04,A,0.117798081856
462,USGS,01342500,1905-01-05,A,0.10250698469200001
463,USGS,01342500,1905-01-06,A,0.097976289236
464,USGS,01342500,1905-01-07,A,0.214358528762
465,USGS,01342500,1905-01-08,A,0.13025749436
466,USGS,01342500,1905-01-09,A,0.07135845343200001
467,USGS,01342500,1905-01-10,A,0.063146567918
468,USGS,01342500,1905-01-11,A,0.053235671607999996
469,USGS,01342500,1905-01-12,A,0.283168466
470,USGS,01342500,1905-01-13,A,0.245790228488
471,USGS,01342500,1905-01-14,A,0.097976289236
472,USGS,01342500,1905-01-15,A,0.05521785087
473,USGS,01342500,1905-01-16,A,0.04955448155
474,USGS,01342500,1905-01-17,A,0.042192101434
475,USGS,01342500,1905-01-18,A,0.040493090638
476,USGS,01342500,1905-01-19,A,0.04955448155
477,USGS,01342500,1905-01-20,A,0.04955448155
478,USGS,01342500,1905-01-21,A,0.04389111223
479,USGS,01342500,1905-01-22,A,0.042192101434
480,USGS,01342500,1905-01-23,A,0.037095069046000004
481,USGS,01342500,1905-01-24,A,0.033697047454
482,USGS,01342500,1905-01-25,A,0.031998036657999995
483,USGS,01342500,1905-01-26,A,0.030582194328000002
484,USGS,01342500,1905-01-27,A,0.030582194328000002
485,USGS,01342500,1905-01-28,A,0.030582194328000002
486,USGS,01342500,1905-01-29,A,0.028883183532000003
487,USGS,01342500,1905-01-30,A,0.027184172736
488,USGS,01342500,1905-01-31,A,0.025768330406
489,USGS,01342500,1905-02-01,A,0.021520803416
490,USGS,01342500,1905-02-02,A,0.021520803416
491,USGS,01342500,1905-02-03,A,0.024352488076
492,USGS,01342500,1905-02-04,A,0.021520803416
493,USGS,01342500,1905-02-05,A,0.020104961086
494,USGS,01342500,1905-02-06,A,0.018689118756
495,USGS,01342500,1905-02-07,A,0.018689118756
496,USGS,01342500,1905-02-08,A,0.018689118756
497,USGS,01342500,1905-02-09,A,0.018689118756
498,USGS,01342500,1905-02-10,A,0.018689118756
499,USGS,01342500,1905-02-11,A,0.020104961086
500,USGS,01342500,1905-02-12,A,0.020104961086
501,USGS,01342500,1905-02-13,A,0.020104961086
502,USGS,01342500,1905-02-14,A,0.020104961086
503,USGS,01342500,1905-02-15,A,0.020104961086
504,USGS,01342500,1905-02-16,A,0.020104961086
505,USGS,01342500,1905-02-17,A,0.018689118756
506,USGS,01342500,1905-02-18,A,0.020104961086
507,USGS,01342500,1905-02-19,A,0.020104961086
508,USGS,01342500,1905-02-20,A,0.018689118756
509,USGS,01342500,1905-02-21,A,0.021520803416
510,USGS,01342500,1905-02-22,A,0.020104961086
511,USGS,01342500,1905-02-23,A,0.021520803416
512,USGS,01342500,1905-02-24,A,0.020104961086
513,USGS,01342500,1905-02-25,A,0.021520803416
514,USGS,01342500,1905-02-26,A,0.020104961086
515,USGS,01342500,1905-02-27,A,0.018689118756
516,USGS,01342500,1905-02-28,A,0.018689118756
517,USGS,01342500,1905-03-01,A,0.018689118756
518,USGS,01342500,1905-03-02,A,0.018689118756
519,USGS,01342500,1905-03-03,A,0.018689118756
520,USGS,01342500,1905-03-04,A,0.018689118756
521,USGS,01342500,1905-03-05,A,0.018689118756
522,USGS,01342500,1905-03-06,A,0.018689118756
523,USGS,01342500,1905-03-07,A,0.018689118756
524,USGS,01342500,1905-03-08,A,0.018689118756
525,USGS,01342500,1905-03-09,A,0.018689118756
526,USGS,01342500,1905-03-10,A,0.018689118756
527,USGS,01342500,1905-03-11,A,0.018689118756
528,USGS,01342500,1905-03-12,A,0.018689118756
529,USGS,01342500,1905-03-13,A,0.020104961086
530,USGS,01342500,1905-03-14,A,0.018689118756
531,USGS,01342500,1905-03-15,A,0.020104961086
532,USGS,01342500,1905-03-16,A,0.020104961086
533,USGS,01342500,1905-03-17,A,0.021520803416
534,USGS,01342500,1905-03-18,A,0.075605980422
535,USGS,01342500,1905-03-19,A,1.5291097164
536,USGS,01342500,1905-03-20,A,0.6796043184
537,USGS,01342500,1905-03-21,A,0.27608925435
538,USGS,01342500,1905-03-22,A,0.17641395431800003
539,USGS,01342500,1905-03-23,A,0.143283243796
540,USGS,01342500,1905-03-24,A,0.44174280696
541,USGS,01342500,1905-03-25,A,1.4724760232
542,USGS,01342500,1905-03-26,A,0.9061390912
543,USGS,01342500,1905-03-27,A,1.1609907106000001
544,USGS,01342500,1905-03-28,A,0.849505398
545,USGS,01342500,1905-03-29,A,0.7928717048
546,USGS,01342500,1905-03-30,A,1.0194064776
547,USGS,01342500,1905-03-31,A,0.8353469747
548,USGS,01342500,1905-04-01,A,0.45873291492
549,USGS,01342500,1905-04-02,A,0.29449520464
550,USGS,01342500,1905-04-03,A,0.272691232758
551,USGS,01342500,1905-04-04,A,0.35112889784
552,USGS,01342500,1905-04-05,A,0.9089707758600001
553,USGS,01342500,1905-04-06,A,0.707921165
554,USGS,01342500,1905-04-07,A,0.23021596285800003
555,USGS,01342500,1905-04-08,A,0.127708978166
556,USGS,01342500,1905-04-09,A,0.19963376853
557,USGS,01342500,1905-04-10,A,0.27608925435
558,USGS,01342500,1905-04-11,A,0.9854262616799999
559,USGS,01342500,1905-04-12,A,0.34263384386
560,USGS,01342500,1905-04-13,A,0.18519217676400002
561,USGS,01342500,1905-04-14,A,0.143283243796
562,USGS,01342500,1905-04-15,A,0.138186211408
563,USGS,01342500,1905-04-16,A,0.100241636964
564,USGS,01342500,1905-04-17,A,0.11468322873
565,USGS,01342500,1905-04-18,A,0.100241636964
566,USGS,01342500,1905-04-19,A,0.07362380116
567,USGS,01342500,1905-04-20,A,0.08211885514
568,USGS,01342500,1905-04-21,A,0.3681190058
569,USGS,01342500,1905-04-22,A,0.156592161698
570,USGS,01342500,1905-04-23,A,0.11468322873
571,USGS,01342500,1905-04-24,A,0.103073321624
572,USGS,01342500,1905-04-25,A,0.079853507412
573,USGS,01342500,1905-04-26,A,0.07135845343200001
574,USGS,01342500,1905-04-27,A,0.07135845343200001
575,USGS,01342500,1905-04-28,A,0.07135845343200001
576,USGS,01342500,1905-04-29,A,0.063146567918
577,USGS,01342500,1905-04-30,A,0.06512874718
578,USGS,01342500,1905-05-01,A,0.06937627417
579,USGS,01342500,1905-05-02,A,0.067677263374
580,USGS,01342500,1905-05-03,A,0.07135845343200001
581,USGS,01342500,1905-05-04,A,0.100241636964
582,USGS,01342500,1905-05-05,A,0.07362380116
583,USGS,01342500,1905-05-06,A,0.09118024605200001
584,USGS,01342500,1905-05-07,A,0.09939213156599999
585,USGS,01342500,1905-05-08,A,0.097976289236
586,USGS,01342500,1905-05-09,A,0.140734727602
587,USGS,01342500,1905-05-10,A,0.079853507412
588,USGS,01342500,1905-05-11,A,0.063146567918
589,USGS,01342500,1905-05-12,A,0.06512874718
590,USGS,01342500,1905-05-13,A,0.061164388656000004
591,USGS,01342500,1905-05-14,A,0.30582194328
592,USGS,01342500,1905-05-15,A,0.245790228488
593,USGS,01342500,1905-05-16,A,0.151211960844
594,USGS,01342500,1905-05-17,A,0.117798081856
595,USGS,01342500,1905-05-18,A,0.14583175999
596,USGS,01342500,1905-05-19,A,0.20246545319
597,USGS,01342500,1905-05-20,A,0.10250698469200001
598,USGS,01342500,1905-05-21,A,0.079853507412
599,USGS,01342500,1905-05-22,A,0.06512874718
600,USGS,01342500,1905-05-23,A,0.058899040928
601,USGS,01342500,1905-05-24,A,0.053235671607999996
602,USGS,01342500,1905-05-25,A,0.051253492346000004
603,USGS,01342500,1905-05-26,A,0.06937627417
604,USGS,01342500,1905-05-27,A,0.06937627417
605,USGS,01342500,1905-05-28,A,0.061164388656000004
606,USGS,01342500,1905-05-29,A,0.061164388656000004
607,USGS,01342500,1905-05-30,A,0.051253492346000004
608,USGS,01342500,1905-05-31,A,0.04587329149200001
609,USGS,01342500,1905-06-01,A,0.040493090638
610,USGS,01342500,1905-06-02,A,0.04389111223
611,USGS,01342500,1905-06-03,A,0.047572302288
612,USGS,01342500,1905-06-04,A,0.033697047454
613,USGS,01342500,1905-06-05,A,0.027184172736
614,USGS,01342500,1905-06-06,A,0.07135845343200001
615,USGS,01342500,1905-06-07,A,0.075605980422
616,USGS,01342500,1905-06-08,A,0.14866344465
617,USGS,01342500,1905-06-09,A,0.075605980422
618,USGS,01342500,1905-06-10,A,0.051253492346000004
619,USGS,01342500,1905-06-11,A,0.13280601055400001
620,USGS,01342500,1905-06-12,A,0.07758815968400001
621,USGS,01342500,1905-06-13,A,0.057200030132
622,USGS,01342500,1905-06-14,A,0.04955448155
623,USGS,01342500,1905-06-15,A,0.042192101434
624,USGS,01342500,1905-06-16,A,0.03539605825
625,USGS,01342500,1905-06-17,A,0.053235671607999996
626,USGS,01342500,1905-06-18,A,0.07135845343200001
627,USGS,01342500,1905-06-19,A,0.057200030132
628,USGS,01342500,1905-06-20,A,0.3114853126
629,USGS,01342500,1905-06-21,A,0.9344559378
630,USGS,01342500,1905-06-22,A,0.20104961086
631,USGS,01342500,1905-06-23,A,0.14724760232
632,USGS,01342500,1905-06-24,A,0.1132673864
633,USGS,01342500,1905-06-25,A,0.10194064776
634,USGS,01342500,1905-06-26,A,0.707921165
635,USGS,01342500,1905-06-27,A,0.424752699
636,USGS,01342500,1905-06-28,A,0.2265347728
637,USGS,01342500,1905-06-29,A,0.1557426563
638,USGS,01342500,1905-06-30,A,0.1274258097
639,USGS,01342500,1905-07-01,A,0.11043570174
640,USGS,01342500,1905-07-02,A,0.3681190058
641,USGS,01342500,1905-07-03,A,0.18689118756
642,USGS,01342500,1905-07-04,A,0.14724760232
643,USGS,01342500,1905-07-05,A,0.13308917902
644,USGS,01342500,1905-07-06,A,0.11893075572
645,USGS,01342500,1905-07-07,A,0.10760401708
646,USGS,01342500,1905-07-08,A,0.09627727844
647,USGS,01342500,1905-07-09,A,0.109869364808
648,USGS,01342500,1905-07-10,A,0.30015857396
649,USGS,01342500,1905-07-11,A,14.583175999
650,USGS,01342500,1905-07-12,A,0.43607943764
651,USGS,01342500,1905-07-13,A,0.43607943764
652,USGS,01342500,1905-07-14,A,0.88914898324
653,USGS,01342500,1905-07-15,A,0.15999018329
654,USGS,01342500,1905-07-16,A,0.15999018329
655,USGS,01342500,1905-07-17,A,0.109869364808
656,USGS,01342500,1905-07-18,A,0.07843766508200001
657,USGS,01342500,1905-07-19,A,0.130823831292
658,USGS,01342500,1905-07-20,A,0.130823831292
659,USGS,01342500,1905-07-21,A,0.109869364808
660,USGS,01342500,1905-07-22,A,0.109869364808
661,USGS,01342500,1905-07-23,A,0.08919806679
662,USGS,01342500,1905-07-24,A,0.227384278198
663,USGS,01342500,1905-07-25,A,0.109869364808
664,USGS,01342500,1905-07-26,A,0.08919806679
665,USGS,01342500,1905-07-27,A,0.07843766508200001
666,USGS,01342500,1905-07-28,A,0.07843766508200001
667,USGS,01342500,1905-07-29,A,0.07843766508200001
668,USGS,01342500,1905-07-30,A,0.34546552852
669,USGS,01342500,1905-07-31,A,0.264196178778
670,USGS,01342500,1905-08-01,A,0.37661405978
671,USGS,01342500,1905-08-02,A,0.37661405978
672,USGS,01342500,1905-08-03,A,0.37661405978
673,USGS,01342500,1905-08-04,A,0.255134787866
674,USGS,01342500,1905-08-05,A,0.209261496374
675,USGS,01342500,1905-08-06,A,0.209261496374
676,USGS,01342500,1905-08-07,A,0.209261496374
677,USGS,01342500,1905-08-08,A,1.699010796
678,USGS,01342500,1905-08-09,A,0.849505398
679,USGS,01342500,1905-08-10,A,0.424752699
680,USGS,01342500,1905-08-11,A,1.982179262
681,USGS,01342500,1905-08-12,A,0.707921165
682,USGS,01342500,1905-08-13,A,1.2742580970000001
683,USGS,01342500,1905-08-14,A,0.566336932
684,USGS,01342500,1905-08-15,A,1.699010796
685,USGS,01342500,1905-08-16,A,0.15999018329
686,USGS,01342500,1905-08-17,A,0.0566336932
687,USGS,01342500,1905-08-18,A,0.283168466
688,USGS,01342500,1905-08-19,A,0.1132673864
689,USGS,01342500,1905-08-20,A,0.1132673864
690,USGS,01342500,1905-08-21,A,0.074756475024
691,USGS,01342500,1905-08-22,A,0.06597825257800001
692,USGS,01342500,1905-08-23,A,0.050120818482
693,USGS,01342500,1905-08-24,A,0.043041606832
694,USGS,01342500,1905-08-25,A,0.03964358524
695,USGS,01342500,1905-08-26,A,0.03964358524
696,USGS,01342500,1905-08-27,A,0.03964358524
697,USGS,01342500,1905-08-28,A,0.02973268893
698,USGS,01342500,1905-08-29,A,0.046439628424
699,USGS,01342500,1905-08-30,A,0.131106999758
700,USGS,01342500,1905-08-31,A,0.111002038672
701,USGS,01342500,1905-09-01,A,0.050120818482
702,USGS,01342500,1905-09-02,A,0.036245563648
703,USGS,01342500,1905-09-03,A,0.8013667587800001
704,USGS,01342500,1905-09-04,A,4.5023786094
705,USGS,01342500,1905-09-05,A,0.39360416774
706,USGS,01342500,1905-09-06,A,0.3256437359
707,USGS,01342500,1905-09-07,A,0.6229706252
708,USGS,01342500,1905-09-08,A,0.258249640992
709,USGS,01342500,1905-09-09,A,0.111002038672
710,USGS,01342500,1905-09-10,A,0.083251529004
711,USGS,01342500,1905-09-11,A,0.074756475024
712,USGS,01342500,1905-09-12,A,0.35962395182
713,USGS,01342500,1905-09-13,A,0.131106999758
714,USGS,01342500,1905-09-14,A,0.10137431082800001
715,USGS,01342500,1905-09-15,A,0.096843615372
716,USGS,01342500,1905-09-16,A,0.120912934982
717,USGS,01342500,1905-09-17,A,0.10137431082800001
718,USGS,01342500,1905-09-18,A,0.258249640992
719,USGS,01342500,1905-09-19,A,0.131106999758
720,USGS,01342500,1905-09-20,A,0.221154571946
721,USGS,01342500,1905-09-21,A,0.152061466242
722,USGS,01342500,1905-09-22,A,0.10137431082800001
723,USGS,01342500,1905-09-23,A,0.083251529004
724,USGS,01342500,1905-09-24,A,0.074756475024
725,USGS,01342500,1905-09-25,A,0.058049535529999995
726,USGS,01342500,1905-09-26,A,0.046439628424
727,USGS,01342500,1905-09-27,A,0.046439628424
728,USGS,01342500,1905-09-28,A,0.046439628424
729,USGS,01342500,1905-09-29,A,0.046439628424
730,USGS,01342500,1905-09-30,A,0.043041606832
731,USGS,01342500,1905-10-01,A,0.032847542056
732,USGS,01342500,1905-10-02,A,0.03964358524
733,USGS,01342500,1905-10-03,A,0.06597825257800001
734,USGS,01342500,1905-10-04,A,0.074756475024
735,USGS,01342500,1905-10-05,A,0.058049535529999995
736,USGS,01342500,1905-10-06,A,0.050120818482
737,USGS,01342500,1905-10-07,A,0.050120818482
738,USGS,01342500,1905-10-08,A,0.050120818482
739,USGS,01342500,1905-10-09,A,0.046439628424
740,USGS,01342500,1905-10-10,A,0.046439628424
741,USGS,01342500,1905-10-11,A,0.21520803416
742,USGS,01342500,1905-10-12,A,0.49837650016000007
743,USGS,01342500,1905-10-13,A,0.48421807686000007
744,USGS,01342500,1905-10-14,A,0.16282186795
745,USGS,01342500,1905-10-15,A,0.120912934982
746,USGS,01342500,1905-10-16,A,0.083251529004
747,USGS,01342500,1905-10-17,A,0.079004002014
748,USGS,01342500,1905-10-18,A,0.074756475024
749,USGS,01342500,1905-10-19,A,0.209261496374
750,USGS,01342500,1905-10-20,A,0.16282186795
751,USGS,01342500,1905-10-21,A,0.115815902594
752,USGS,01342500,1905-10-22,A,0.111002038672
753,USGS,01342500,1905-10-23,A,0.10137431082800001
754,USGS,01342500,1905-10-24,A,0.09231291991599999
755,USGS,01342500,1905-10-25,A,0.083251529004
756,USGS,01342500,1905-10-26,A,0.074756475024
757,USGS,01342500,1905-10-27,A,0.06597825257800001
758,USGS,01342500,1905-10-28,A,0.058049535529999995
759,USGS,01342500,1905-10-29,A,0.054085177006
760,USGS,01342500,1905-10-30,A,0.054085177006
761,USGS,01342500,1905-10-31,A,0.09231291991599999
762,USGS,01342500,1905-11-01,A,0.23333081598400002
763,USGS,01342500,1905-11-02,A,0.09231291991599999
764,USGS,01342500,1905-11-03,A,0.083251529004
765,USGS,01342500,1905-11-04,A,0.083251529004
766,USGS,01342500,1905-11-05,A,0.083251529004
767,USGS,01342500,1905-11-06,A,0.3114853126
768,USGS,01342500,1905-11-07,A,0.173865438124
769,USGS,01342500,1905-11-08,A,0.152061466242
770,USGS,01342500,1905-11-09,A,0.31714868192
771,USGS,01342500,1905-11-10,A,0.136204032146
772,USGS,01342500,1905-11-11,A,0.111002038672
773,USGS,01342500,1905-11-12,A,0.09231291991599999
774,USGS,01342500,1905-11-13,A,0.09231291991599999
775,USGS,01342500,1905-11-14,A,0.083251529004
776,USGS,01342500,1905-11-15,A,0.079004002014
777,USGS,01342500,1905-11-16,A,0.10137431082800001
778,USGS,01342500,1905-11-17,A,0.10137431082800001
779,USGS,01342500,1905-11-18,A,0.120912934982
780,USGS,01342500,1905-11-19,A,0.10618817475
781,USGS,01342500,1905-11-20,A,0.074756475024
782,USGS,01342500,1905-11-21,A,0.058049535529999995
783,USGS,01342500,1905-11-22,A,0.058049535529999995
784,USGS,01342500,1905-11-23,A,0.058049535529999995
785,USGS,01342500,1905-11-24,A,0.06597825257800001
786,USGS,01342500,1905-11-25,A,0.079004002014
787,USGS,01342500,1905-11-26,A,0.079004002014
788,USGS,01342500,1905-11-27,A,0.074756475024
789,USGS,01342500,1905-11-28,A,0.06597825257800001
790,USGS,01342500,1905-11-29,A,1.0363965855600001
791,USGS,01342500,1905-11-30,A,0.152061466242
792,USGS,01342500,1905-12-01,A,0.07050894803400001
793,USGS,01342500,1905-12-02,A,0.09231291991599999
794,USGS,01342500,1905-12-03,A,0.71358453432
795,USGS,01342500,1905-12-04,A,0.258249640992
796,USGS,01342500,1905-12-05,A,0.12600996737
797,USGS,01342500,1905-12-06,A,0.152061466242
798,USGS,01342500,1905-12-07,A,0.146681265388
799,USGS,01342500,1905-12-08,A,0.157441667096
800,USGS,01342500,1905-12-09,A,0.16282186795
801,USGS,01342500,1905-12-10,A,0.136204032146
802,USGS,01342500,1905-12-11,A,0.111002038672
803,USGS,01342500,1905-12-12,A,0.10137431082800001
804,USGS,01342500,1905-12-13,A,0.10137431082800001
805,USGS,01342500,1905-12-14,A,0.083251529004
806,USGS,01342500,1905-12-15,A,0.050120818482
807,USGS,01342500,1905-12-16,A,0.050120818482
808,USGS,01342500,1905-12-17,A,0.046439628424
809,USGS,01342500,1905-12-18,A,0.050120818482
810,USGS,01342500,1905-12-19,A,0.054085177006
811,USGS,01342500,1905-12-20,A,0.062013894054
812,USGS,01342500,1905-12-21,A,0.35962395182
813,USGS,01342500,1905-12-22,A,0.566336932
814,USGS,01342500,1905-12-23,A,0.258249640992
815,USGS,01342500,1905-12-24,A,0.152061466242
816,USGS,01342500,1905-12-25,A,0.111002038672
817,USGS,01342500,1905-12-26,A,0.09231291991599999
818,USGS,01342500,1905-12-27,A,0.09231291991599999
819,USGS,01342500,1905-12-28,A,0.10618817475
820,USGS,01342500,1905-12-29,A,0.71358453432
821,USGS,01342500,1905-12-30,A,0.25201993474
822,USGS,01342500,1905-12-31,A,0.16282186795
823,USGS,01342500,1906-01-01,A,0.09259608838200001
824,USGS,01342500,1906-01-02,A,0.07503964349
825,USGS,01342500,1906-01-03,A,0.066261421044
826,USGS,01342500,1906-01-04,A,0.10647134321599999
827,USGS,01342500,1906-01-05,A,0.152344634708
828,USGS,01342500,1906-01-06,A,0.101657479294
829,USGS,01342500,1906-01-07,A,0.08353469747
830,USGS,01342500,1906-01-08,A,0.066261421044
831,USGS,01342500,1906-01-09,A,0.06229706252000001
832,USGS,01342500,1906-01-10,A,0.058332703996000004
833,USGS,01342500,1906-01-11,A,0.054368345472
834,USGS,01342500,1906-01-12,A,0.066261421044
835,USGS,01342500,1906-01-13,A,0.06229706252000001
836,USGS,01342500,1906-01-14,A,0.050403986948
837,USGS,01342500,1906-01-15,A,0.06229706252000001
838,USGS,01342500,1906-01-16,A,0.11128520713800001
839,USGS,01342500,1906-01-17,A,0.08353469747
840,USGS,01342500,1906-01-18,A,0.08353469747
841,USGS,01342500,1906-01-19,A,0.07503964349
842,USGS,01342500,1906-01-20,A,0.07503964349
843,USGS,01342500,1906-01-21,A,2.36162500644
844,USGS,01342500,1906-01-22,A,1.4441591766
845,USGS,01342500,1906-01-23,A,2.00200105462
846,USGS,01342500,1906-01-24,A,0.48704976152
847,USGS,01342500,1906-01-25,A,0.12119610344800001
848,USGS,01342500,1906-01-26,A,0.07503964349
849,USGS,01342500,1906-01-27,A,0.06229706252000001
850,USGS,01342500,1906-01-28,A,0.050403986948
851,USGS,01342500,1906-01-29,A,0.030015857396000004
852,USGS,01342500,1906-01-30,A,0.030015857396000004
853,USGS,01342500,1906-01-31,A,0.050403986948
854,USGS,01342500,1906-02-01,A,0.039926753706
855,USGS,01342500,1906-02-02,A,0.027467341202
856,USGS,01342500,1906-02-03,A,0.024352488076
857,USGS,01342500,1906-02-04,A,0.027467341202
858,USGS,01342500,1906-02-05,A,0.030015857396000004
859,USGS,01342500,1906-02-06,A,0.027467341202
860,USGS,01342500,1906-02-07,A,0.027467341202
861,USGS,01342500,1906-02-08,A,0.027467341202
862,USGS,01342500,1906-02-09,A,0.030015857396000004
863,USGS,01342500,1906-02-10,A,0.027467341202
864,USGS,01342500,1906-02-11,A,0.027467341202
865,USGS,01342500,1906-02-12,A,0.027467341202
866,USGS,01342500,1906-02-13,A,0.030015857396000004
867,USGS,01342500,1906-02-14,A,0.036528732114000005
868,USGS,01342500,1906-02-15,A,0.033130710522
869,USGS,01342500,1906-02-16,A,0.030015857396000004
870,USGS,01342500,1906-02-17,A,0.030015857396000004
871,USGS,01342500,1906-02-18,A,0.033130710522
872,USGS,01342500,1906-02-19,A,0.033130710522
873,USGS,01342500,1906-02-20,A,0.039926753706
874,USGS,01342500,1906-02-21,A,1.58008004028
875,USGS,01342500,1906-02-22,A,0.246073396954
876,USGS,01342500,1906-02-23,A,0.12119610344800001
877,USGS,01342500,1906-02-24,A,0.197368420802
878,USGS,01342500,1906-02-25,A,0.23361398445
879,USGS,01342500,1906-02-26,A,0.131390168224
880,USGS,01342500,1906-02-27,A,0.058332703996000004
881,USGS,01342500,1906-02-28,A,0.039926753706
882,USGS,01342500,1906-03-01,A,0.027467341202
883,USGS,01342500,1906-03-02,A,0.027467341202
884,USGS,01342500,1906-03-03,A,0.036528732114000005
885,USGS,01342500,1906-03-04,A,0.12119610344800001
886,USGS,01342500,1906-03-05,A,0.058332703996000004
887,USGS,01342500,1906-03-06,A,0.14696443385400002
888,USGS,01342500,1906-03-07,A,0.0707921165
889,USGS,01342500,1906-03-08,A,0.058332703996000004
890,USGS,01342500,1906-03-09,A,0.0707921165
891,USGS,01342500,1906-03-10,A,0.058332703996000004
892,USGS,01342500,1906-03-11,A,0.036528732114000005
893,USGS,01342500,1906-03-12,A,0.036528732114000005
894,USGS,01342500,1906-03-13,A,0.036528732114000005
895,USGS,01342500,1906-03-14,A,0.036528732114000005
896,USGS,01342500,1906-03-15,A,0.030015857396000004
897,USGS,01342500,1906-03-16,A,0.027467341202
898,USGS,01342500,1906-03-17,A,0.027467341202
899,USGS,01342500,1906-03-18,A,0.030015857396000004
900,USGS,01342500,1906-03-19,A,0.030015857396000004
901,USGS,01342500,1906-03-20,A,0.030015857396000004
902,USGS,01342500,1906-03-21,A,0.030015857396000004
903,USGS,01342500,1906-03-22,A,0.030015857396000004
904,USGS,01342500,1906-03-23,A,0.024352488076
905,USGS,01342500,1906-03-24,A,0.024352488076
906,USGS,01342500,1906-03-25,A,0.027467341202
907,USGS,01342500,1906-03-26,A,0.131390168224
908,USGS,01342500,1906-03-27,A,4.2758438366
909,USGS,01342500,1906-03-28,A,0.37944574444
910,USGS,01342500,1906-03-29,A,0.49271313083999996
911,USGS,01342500,1906-03-30,A,0.89764403722
912,USGS,01342500,1906-03-31,A,0.4813863922
913,USGS,01342500,1906-04-01,A,0.141584233
914,USGS,01342500,1906-04-02,A,0.12600996737
915,USGS,01342500,1906-04-03,A,0.157724835562
916,USGS,01342500,1906-04-04,A,0.3964358524
917,USGS,01342500,1906-04-05,A,0.47005965356000007
918,USGS,01342500,1906-04-06,A,0.3256437359
919,USGS,01342500,1906-04-07,A,0.19113871455
920,USGS,01342500,1906-04-08,A,0.197368420802
921,USGS,01342500,1906-04-09,A,0.131390168224
922,USGS,01342500,1906-04-10,A,0.53235671608
923,USGS,01342500,1906-04-11,A,0.9684361537200001
924,USGS,01342500,1906-04-12,A,0.90047572188
925,USGS,01342500,1906-04-13,A,0.78720833548
926,USGS,01342500,1906-04-14,A,0.9202975145000001
927,USGS,01342500,1906-04-15,A,1.3025749436
928,USGS,01342500,1906-04-16,A,0.3964358524
929,USGS,01342500,1906-04-17,A,0.21549120262600002
930,USGS,01342500,1906-04-18,A,0.141584233
931,USGS,01342500,1906-04-19,A,0.12119610344800001
932,USGS,01342500,1906-04-20,A,0.09259608838200001
933,USGS,01342500,1906-04-21,A,0.08353469747
934,USGS,01342500,1906-04-22,A,0.141584233
935,USGS,01342500,1906-04-23,A,0.08778222446
936,USGS,01342500,1906-04-24,A,0.07503964349
937,USGS,01342500,1906-04-25,A,0.0707921165
938,USGS,01342500,1906-04-26,A,0.058332703996000004
939,USGS,01342500,1906-04-27,A,0.050403986948
940,USGS,01342500,1906-04-28,A,0.043324775298
941,USGS,01342500,1906-04-29,A,0.039926753706
942,USGS,01342500,1906-04-30,A,0.058332703996000004
943,USGS,01342500,1906-05-01,A,0.039926753706
944,USGS,01342500,1906-05-02,A,0.136487200612
945,USGS,01342500,1906-05-03,A,0.8778222446
946,USGS,01342500,1906-05-04,A,0.152344634708
947,USGS,01342500,1906-05-05,A,0.35112889784
948,USGS,01342500,1906-05-06,A,0.12119610344800001
949,USGS,01342500,1906-05-07,A,0.101657479294
950,USGS,01342500,1906-05-08,A,0.07503964349
951,USGS,01342500,1906-05-09,A,0.07503964349
952,USGS,01342500,1906-05-10,A,0.0707921165
953,USGS,01342500,1906-05-11,A,0.050403986948
954,USGS,01342500,1906-05-12,A,0.043324775298
955,USGS,01342500,1906-05-13,A,0.11128520713800001
956,USGS,01342500,1906-05-14,A,0.136487200612
957,USGS,01342500,1906-05-15,A,0.0707921165
958,USGS,01342500,1906-05-16,A,0.050403986948
959,USGS,01342500,1906-05-17,A,0.043324775298
960,USGS,01342500,1906-05-18,A,0.058332703996000004
961,USGS,01342500,1906-05-19,A,0.043324775298
962,USGS,01342500,1906-05-20,A,0.036528732114000005
963,USGS,01342500,1906-05-21,A,0.030015857396000004
964,USGS,01342500,1906-05-22,A,0.024352488076
965,USGS,01342500,1906-05-23,A,0.024352488076
966,USGS,01342500,1906-05-24,A,0.02123763495
967,USGS,01342500,1906-05-25,A,0.024352488076
968,USGS,01342500,1906-05-26,A,0.02123763495
969,USGS,01342500,1906-05-27,A,1.5092879237799999
970,USGS,01342500,1906-05-28,A,0.17414860659
971,USGS,01342500,1906-05-29,A,0.11128520713800001
972,USGS,01342500,1906-05-30,A,0.08353469747
973,USGS,01342500,1906-05-31,A,0.04672279689
974,USGS,01342500,1906-06-01,A,0.036528732114000005
975,USGS,01342500,1906-06-02,A,0.036528732114000005
976,USGS,01342500,1906-06-03,A,0.036528732114000005
977,USGS,01342500,1906-06-04,A,0.030015857396000004
978,USGS,01342500,1906-06-05,A,0.024352488076
979,USGS,01342500,1906-06-06,A,0.024352488076
980,USGS,01342500,1906-06-07,A,0.024352488076
981,USGS,01342500,1906-06-08,A,0.066261421044
982,USGS,01342500,1906-06-09,A,0.058332703996000004
983,USGS,01342500,1906-06-10,A,0.09712678383800001
984,USGS,01342500,1906-06-11,A,0.050403986948
985,USGS,01342500,1906-06-12,A,0.033130710522
986,USGS,01342500,1906-06-13,A,0.024352488076
987,USGS,01342500,1906-06-14,A,0.024352488076
988,USGS,01342500,1906-06-15,A,0.02123763495
989,USGS,01342500,1906-06-16,A,0.101657479294
990,USGS,01342500,1906-06-17,A,0.09259608838200001
991,USGS,01342500,1906-06-18,A,0.050403986948
992,USGS,01342500,1906-06-19,A,0.039926753706
993,USGS,01342500,1906-06-20,A,0.030015857396000004
994,USGS,01342500,1906-06-21,A,0.030015857396000004
995,USGS,01342500,1906-06-22,A,0.024352488076
996,USGS,01342500,1906-06-23,A,0.024352488076
997,USGS,01342500,1906-06-24,A,0.024352488076
998,USGS,01342500,1906-06-25,A,0.02123763495
999,USGS,01342500,1906-06-26,A,0.02123763495
1000,USGS,01342500,1906-06-27,A,0.018122781824
1001,USGS,01342500,1906-06-28,A,0.015857434096000003
1002,USGS,01342500,1906-06-29,A,0.024352488076
1003,USGS,01342500,1906-06-30,A,0.039926753706
1004,USGS,01342500,1906-07-01,A,0.066261421044
1005,USGS,01342500,1906-07-02,A,0.039926753706
1006,USGS,01342500,1906-07-03,A,0.030015857396000004
1007,USGS,01342500,1906-07-04,A,0.066261421044
1008,USGS,01342500,1906-07-05,A,0.036528732114000005
1009,USGS,01342500,1906-07-06,A,0.024352488076
1010,USGS,01342500,1906-07-07,A,0.02123763495
1011,USGS,01342500,1906-07-08,A,0.018122781824
1012,USGS,01342500,1906-07-09,A,0.07928717048
1013,USGS,01342500,1906-07-10,A,0.066261421044
1014,USGS,01342500,1906-07-11,A,0.058332703996000004
1015,USGS,01342500,1906-07-12,A,0.030015857396000004
1016,USGS,01342500,1906-07-13,A,0.024352488076
1017,USGS,01342500,1906-07-14,A,0.02123763495
1018,USGS,01342500,1906-07-15,A,0.018122781824
1019,USGS,01342500,1906-07-16,A,0.018122781824
1020,USGS,01342500,1906-07-17,A,0.024352488076
1021,USGS,01342500,1906-07-18,A,0.02123763495
1022,USGS,01342500,1906-07-19,A,0.02123763495
1023,USGS,01342500,1906-07-20,A,0.018122781824
1024,USGS,01342500,1906-07-21,A,0.015857434096000003
1025,USGS,01342500,1906-07-22,A,0.013308917901999999
1026,USGS,01342500,1906-07-23,A,0.011043570174000001
1027,USGS,01342500,1906-07-24,A,0.011043570174000001
1028,USGS,01342500,1906-07-25,A,0.011043570174000001
1029,USGS,01342500,1906-07-26,A,0.011043570174000001
1030,USGS,01342500,1906-07-27,A,0.011043570174000001
1031,USGS,01342500,1906-07-28,A,0.011043570174000001
1032,USGS,01342500,1906-07-29,A,0.011043570174000001
1033,USGS,01342500,1906-07-30,A,0.013308917901999999
1034,USGS,01342500,1906-07-31,A,0.013308917901999999
1035,USGS,01342500,1906-08-01,A,0.013308917901999999
1036,USGS,01342500,1906-08-02,A,0.011043570174000001
1037,USGS,01342500,1906-08-03,A,0.013308917901999999
1038,USGS,01342500,1906-08-04,A,0.013308917901999999
1039,USGS,01342500,1906-08-05,A,0.013308917901999999
1040,USGS,01342500,1906-08-06,A,0.013308917901999999
1041,USGS,01342500,1906-08-07,A,0.013308917901999999
1042,USGS,01342500,1906-08-08,A,0.013308917901999999
1043,USGS,01342500,1906-08-09,A,0.011043570174000001
1044,USGS,01342500,1906-08-10,A,0.011043570174000001
1045,USGS,01342500,1906-08-11,A,0.011043570174000001
1046,USGS,01342500,1906-08-12,A,0.011043570174000001
1047,USGS,01342500,1906-08-13,A,0.011043570174000001
1048,USGS,01342500,1906-08-14,A,0.011043570174000001
1049,USGS,01342500,1906-08-15,A,0.011043570174000001
1050,USGS,01342500,1906-08-16,A,0.008778222446
1051,USGS,01342500,1906-08-17,A,0.008778222446
1052,USGS,01342500,1906-08-18,A,0.008778222446
1053,USGS,01342500,1906-08-19,A,0.008778222446
1054,USGS,01342500,1906-08-20,A,0.018122781824
1055,USGS,01342500,1906-08-21,A,0.018122781824
1056,USGS,01342500,1906-08-22,A,0.013308917901999999
1057,USGS,01342500,1906-08-23,A,0.011043570174000001
1058,USGS,01342500,1906-08-24,A,0.011043570174000001
1059,USGS,01342500,1906-08-25,A,0.011043570174000001
1060,USGS,01342500,1906-08-26,A,0.008778222446
1061,USGS,01342500,1906-08-27,A,0.07503964349
1062,USGS,01342500,1906-08-28,A,0.018122781824
1063,USGS,01342500,1906-08-29,A,0.013308917901999999
1064,USGS,01342500,1906-08-30,A,0.011043570174000001
1065,USGS,01342500,1906-08-31,A,0.011043570174000001
1066,USGS,01342500,1906-09-01,A,0.011043570174000001
1067,USGS,01342500,1906-09-02,A,0.008778222446
1068,USGS,01342500,1906-09-03,A,0.011043570174000001
1069,USGS,01342500,1906-09-04,A,0.011043570174000001
1070,USGS,01342500,1906-09-05,A,0.008778222446
1071,USGS,01342500,1906-09-06,A,0.008778222446
1072,USGS,01342500,1906-09-07,A,0.008778222446
1073,USGS,01342500,1906-09-08,A,0.008778222446
1074,USGS,01342500,1906-09-09,A,0.008778222446
1075,USGS,01342500,1906-09-10,A,0.008778222446
1076,USGS,01342500,1906-09-11,A,0.008778222446
1077,USGS,01342500,1906-09-12,A,0.008778222446
1078,USGS,01342500,1906-09-13,A,0.008778222446
1079,USGS,01342500,1906-09-14,A,0.011043570174000001
1080,USGS,01342500,1906-09-15,A,0.008778222446
1081,USGS,01342500,1906-09-16,A,0.008778222446
1082,USGS,01342500,1906-09-17,A,0.008778222446
1083,USGS,01342500,1906-09-18,A,0.008778222446
1084,USGS,01342500,1906-09-19,A,0.008778222446
1085,USGS,01342500,1906-09-20,A,0.008778222446
1086,USGS,01342500,1906-09-21,A,0.013308917901999999
1087,USGS,01342500,1906-09-22,A,0.013308917901999999
1088,USGS,01342500,1906-09-23,A,0.024352488076
1089,USGS,01342500,1906-09-24,A,0.018122781824
1090,USGS,01342500,1906-09-25,A,0.013308917901999999
1091,USGS,01342500,1906-09-26,A,0.011043570174000001
1092,USGS,01342500,1906-09-27,A,0.013308917901999999
1093,USGS,01342500,1906-09-28,A,0.011043570174000001
1094,USGS,01342500,1906-09-29,A,0.011043570174000001
