DATE,STATION,NAME,LATITUDE,LONGITUDE,ELEVATION,TMAX,TMIN
1893-02-01,USC00307252,"RONDOUT, NY US",41.916667,-73.966667,57.3,,
1893-02-02,USC00307252,"RONDOUT, NY US",41.916667,-73.966667,57.3,,
1893-02-03,USC00307252,"RONDOUT, NY US",41.916667,-73.966667,57.3,,
1893-02-04,USC00307252,"RONDOUT, NY US",41.916667,-73.966667,57.3,,
1893-02-05,USC00307252,"RONDOUT, NY US",41.916667,-73.966667,57.3,,
1893-02-06,USC00307252,"RONDOUT, NY US",41.916667,-73.966667,57.3,,
1893-02-07,USC00307252,"RONDOUT, NY US",41.916667,-73.966667,57.3,,
1893-02-08,USC00307252,"RONDOUT, NY US",41.916667,-73.966667,57.3,,
1893-02-09,USC00307252,"RONDOUT, NY US",41.916667,-73.966667,57.3,,
1893-02-10,USC00307252,"RONDOUT, NY US",41.916667,-73.966667,57.3,,
1893-02-11,USC00307252,"RONDOUT, NY US",41.916667,-73.966667,57.3,,
1893-02-12,USC00307252,"RONDOUT, NY US",41.916667,-73.966667,57.3,,
1893-02-13,USC00307252,"RONDOUT, NY US",41.916667,-73.966667,57.3,,
1893-02-14,USC00307252,"RONDOUT, NY US",41.916667,-73.966667,57.3,,
1893-02-15,USC00307252,"RONDOUT, NY US",41.916667,-73.966667,57.3,,
1893-02-16,USC00307252,"RONDOUT, NY US",41.916667,-73.966667,57.3,,
1893-02-17,USC00307252,"RONDOUT, NY US",41.916667,-73.966667,57.3,,
1893-02-18,USC00307252,"RONDOUT, NY US",41.916667,-73.966667,57.3,,
1893-02-19,USC00307252,"RONDOUT, NY US",41.916667,-73.966667,57.3,,
1893-02-20,USC00307252,"RONDOUT, NY US",41.916667,-73.966667,57.3,,
1893-02-21,USC00307252,"RONDOUT, NY US",41.916667,-73.966667,57.3,,
1893-02-22,USC00307252,"RONDOUT, NY US",41.916667,-73.966667,57.3,,
1893-02-23,USC00307252,"RONDOUT, NY US",41.916667,-73.966667,57.3,,
1893-02-24,USC00307252,"RONDOUT, NY US",41.916667,-73.966667,57.3,,
1893-02-25,USC00307252,"RONDOUT, NY US",41.916667,-73.966667,57.3,,
1893-02-26,USC00307252,"RONDOUT, NY US",41.916667,-73.966667,57.3,,
1893-02-27,USC00307252,"RONDOUT, NY US",41.916667,-73.966667,57.3,,
1893-02-28,USC00307252,"RONDOUT, NY US",41.916667,-73.966667,57.3,,
1893-03-01,USC00307252,"RONDOUT, NY US",41.916667,-73.966667,57.3,,
1893-03-02,USC00307252,"RONDOUT, NY US",41.916667,-73.966667,57.3,,
1893-03-03,USC00307252,"RONDOUT, NY US",41.916667,-73.966667,57.3,,
1893-03-04,USC00307252,"RONDOUT, NY US",41.916667,-73.966667,57.3,,
1893-03-05,USC00307252,"RONDOUT, NY US",41.916667,-73.966667,57.3,,
1893-03-06,USC00307252,"RONDOUT, NY US",41.916667,-73.966667,57.3,,
1893-03-07,USC00307252,"RONDOUT, NY US",41.916667,-73.966667,57.3,,
1893-03-08,USC00307252,"RONDOUT, NY US",41.916667,-73.966667,57.3,,
1893-03-09,USC00307252,"RONDOUT, NY US",41.916667,-73.966667,57.3,,
1893-03-10,USC00307252,"RONDOUT, NY US",41.916667,-73.966667,57.3,,
1893-03-11,USC00307252,"RONDOUT, NY US",41.916667,-73.966667,57.3,,
1893-03-12,USC00307252,"RONDOUT, NY US",41.916667,-73.966667,57.3,,
1893-03-13,USC00307252,"RONDOUT, NY US",41.916667,-73.966667,57.3,,
1893-03-14,USC00307252,"RONDOUT, NY US",41.916667,-73.966667,57.3,,
1893-03-15,USC00307252,"RONDOUT, NY US",41.916667,-73.966667,57.3,,
1893-03-16,USC00307252,"RONDOUT, NY US",41.916667,-73.966667,57.3,,
1893-03-17,USC00307252,"RONDOUT, NY US",41.916667,-73.966667,57.3,,
1893-03-18,USC00307252,"RONDOUT, NY US",41.916667,-73.966667,57.3,,
1893-03-19,USC00307252,"RONDOUT, NY US",41.916667,-73.966667,57.3,,
1893-03-20,USC00307252,"RONDOUT, NY US",41.916667,-73.966667,57.3,,
1893-03-21,USC00307252,"RONDOUT, NY US",41.916667,-73.966667,57.3,,
1893-03-22,USC00307252,"RONDOUT, NY US",41.916667,-73.966667,57.3,,
1893-03-23,USC00307252,"RONDOUT, NY US",41.916667,-73.966667,57.3,,
1893-03-24,USC00307252,"RONDOUT, NY US",41.916667,-73.966667,57.3,,
1893-03-25,USC00307252,"RONDOUT, NY US",41.916667,-73.966667,57.3,,
1893-03-26,USC00307252,"RONDOUT, NY US",41.916667,-73.966667,57.3,,
1893-03-27,USC00307252,"RONDOUT, NY US",41.916667,-73.966667,57.3,,
1893-03-28,USC00307252,"RONDOUT, NY US",41.916667,-73.966667,57.3,,
1893-03-29,USC00307252,"RONDOUT, NY US",41.916667,-73.966667,57.3,,
1893-03-30,USC00307252,"RONDOUT, NY US",41.916667,-73.966667,57.3,,
1893-03-31,USC00307252,"RONDOUT, NY US",41.916667,-73.966667,57.3,,
1893-04-06,USC00307252,"RONDOUT, NY US",41.916667,-73.966667,57.3,,
1893-04-07,USC00307252,"RONDOUT, NY US",41.916667,-73.966667,57.3,,
1893-04-08,USC00307252,"RONDOUT, NY US",41.916667,-73.966667,57.3,,
1893-04-13,USC00307252,"RONDOUT, NY US",41.916667,-73.966667,57.3,,
1893-04-15,USC00307252,"RONDOUT, NY US",41.916667,-73.966667,57.3,,
1893-04-20,USC00307252,"RONDOUT, NY US",41.916667,-73.966667,57.3,,
1893-04-27,USC00307252,"RONDOUT, NY US",41.916667,-73.966667,57.3,,
1893-04-30,USC00307252,"RONDOUT, NY US",41.916667,-73.966667,57.3,,
1893-05-01,USC00307252,"RONDOUT, NY US",41.916667,-73.966667,57.3,,
1893-05-02,USC00307252,"RONDOUT, NY US",41.916667,-73.966667,57.3,,
1893-05-03,USC00307252,"RONDOUT, NY US",41.916667,-73.966667,57.3,,
1893-05-04,USC00307252,"RONDOUT, NY US",41.916667,-73.966667,57.3,,
1893-05-05,USC00307252,"RONDOUT, NY US",41.916667,-73.966667,57.3,,
1893-05-06,USC00307252,"RONDOUT, NY US",41.916667,-73.966667,57.3,,
1893-05-07,USC00307252,"RONDOUT, NY US",41.916667,-73.966667,57.3,,
1893-05-08,USC00307252,"RONDOUT, NY US",41.916667,-73.966667,57.3,,
1893-05-09,USC00307252,"RONDOUT, NY US",41.916667,-73.966667,57.3,,
1893-05-10,USC00307252,"RONDOUT, NY US",41.916667,-73.966667,57.3,,
1893-05-11,USC00307252,"RONDOUT, NY US",41.916667,-73.966667,57.3,,
1893-05-12,USC00307252,"RONDOUT, NY US",41.916667,-73.966667,57.3,,
1893-05-13,USC00307252,"RONDOUT, NY US",41.916667,-73.966667,57.3,,
1893-05-14,USC00307252,"RONDOUT, NY US",41.916667,-73.966667,57.3,,
1893-05-15,USC00307252,"RONDOUT, NY US",41.916667,-73.966667,57.3,,
1893-05-16,USC00307252,"RONDOUT, NY US",41.916667,-73.966667,57.3,,
1893-05-17,USC00307252,"RONDOUT, NY US",41.916667,-73.966667,57.3,,
1893-05-18,USC00307252,"RONDOUT, NY US",41.916667,-73.966667,57.3,,
1893-05-19,USC00307252,"RONDOUT, NY US",41.916667,-73.966667,57.3,,
1893-05-20,USC00307252,"RONDOUT, NY US",41.916667,-73.966667,57.3,,
1893-05-21,USC00307252,"RONDOUT, NY US",41.916667,-73.966667,57.3,,
1893-05-22,USC00307252,"RONDOUT, NY US",41.916667,-73.966667,57.3,,
1893-05-23,USC00307252,"RONDOUT, NY US",41.916667,-73.966667,57.3,,
1893-05-24,USC00307252,"RONDOUT, NY US",41.916667,-73.966667,57.3,,
1893-05-25,USC00307252,"RONDOUT, NY US",41.916667,-73.966667,57.3,,
1893-05-26,USC00307252,"RONDOUT, NY US",41.916667,-73.966667,57.3,,
1893-05-27,USC00307252,"RONDOUT, NY US",41.916667,-73.966667,57.3,,
1893-05-28,USC00307252,"RONDOUT, NY US",41.916667,-73.966667,57.3,,
1893-05-29,USC00307252,"RONDOUT, NY US",41.916667,-73.966667,57.3,,
1893-05-30,USC00307252,"RONDOUT, NY US",41.916667,-73.966667,57.3,,
1893-05-31,USC00307252,"RONDOUT, NY US",41.916667,-73.966667,57.3,,
1893-06-01,USC00307252,"RONDOUT, NY US",41.916667,-73.966667,57.3,,
1893-06-02,USC00307252,"RONDOUT, NY US",41.916667,-73.966667,57.3,,
1893-06-03,USC00307252,"RONDOUT, NY US",41.916667,-73.966667,57.3,,
1893-06-04,USC00307252,"RONDOUT, NY US",41.916667,-73.966667,57.3,,
1893-06-05,USC00307252,"RONDOUT, NY US",41.916667,-73.966667,57.3,,
1893-06-06,USC00307252,"RONDOUT, NY US",41.916667,-73.966667,57.3,,
1893-06-07,USC00307252,"RONDOUT, NY US",41.916667,-73.966667,57.3,,
1893-06-08,USC00307252,"RONDOUT, NY US",41.916667,-73.966667,57.3,,
1893-06-09,USC00307252,"RONDOUT, NY US",41.916667,-73.966667,57.3,,
1893-06-10,USC00307252,"RONDOUT, NY US",41.916667,-73.966667,57.3,,
1893-06-11,USC00307252,"RONDOUT, NY US",41.916667,-73.966667,57.3,,
1893-06-12,USC00307252,"RONDOUT, NY US",41.916667,-73.966667,57.3,,
1893-06-13,USC00307252,"RONDOUT, NY US",41.916667,-73.966667,57.3,,
1893-06-14,USC00307252,"RONDOUT, NY US",41.916667,-73.966667,57.3,,
1893-06-15,USC00307252,"RONDOUT, NY US",41.916667,-73.966667,57.3,,
1893-06-16,USC00307252,"RONDOUT, NY US",41.916667,-73.966667,57.3,,
1893-06-17,USC00307252,"RONDOUT, NY US",41.916667,-73.966667,57.3,,
1893-06-18,USC00307252,"RONDOUT, NY US",41.916667,-73.966667,57.3,,
1893-06-19,USC00307252,"RONDOUT, NY US",41.916667,-73.966667,57.3,,
1893-06-20,USC00307252,"RONDOUT, NY US",41.916667,-73.966667,57.3,,
1893-06-21,USC00307252,"RONDOUT, NY US",41.916667,-73.966667,57.3,,
1893-06-22,USC00307252,"RONDOUT, NY US",41.916667,-73.966667,57.3,,
1893-06-23,USC00307252,"RONDOUT, NY US",41.916667,-73.966667,57.3,,
1893-06-24,USC00307252,"RONDOUT, NY US",41.916667,-73.966667,57.3,,
1893-06-25,USC00307252,"RONDOUT, NY US",41.916667,-73.966667,57.3,,
1893-06-26,USC00307252,"RONDOUT, NY US",41.916667,-73.966667,57.3,,
1893-06-27,USC00307252,"RONDOUT, NY US",41.916667,-73.966667,57.3,,
1893-06-28,USC00307252,"RONDOUT, NY US",41.916667,-73.966667,57.3,,
1893-06-29,USC00307252,"RONDOUT, NY US",41.916667,-73.966667,57.3,,
1893-06-30,USC00307252,"RONDOUT, NY US",41.916667,-73.966667,57.3,,
1893-07-01,USC00307252,"RONDOUT, NY US",41.916667,-73.966667,57.3,,
1893-07-02,USC00307252,"RONDOUT, NY US",41.916667,-73.966667,57.3,,
1893-07-03,USC00307252,"RONDOUT, NY US",41.916667,-73.966667,57.3,,
1893-07-04,USC00307252,"RONDOUT, NY US",41.916667,-73.966667,57.3,,
1893-07-05,USC00307252,"RONDOUT, NY US",41.916667,-73.966667,57.3,,
1893-07-06,USC00307252,"RONDOUT, NY US",41.916667,-73.966667,57.3,,
1893-07-07,USC00307252,"RONDOUT, NY US",41.916667,-73.966667,57.3,,
1893-07-08,USC00307252,"RONDOUT, NY US",41.916667,-73.966667,57.3,,
1893-07-09,USC00307252,"RONDOUT, NY US",41.916667,-73.966667,57.3,,
1893-07-10,USC00307252,"RONDOUT, NY US",41.916667,-73.966667,57.3,,
1893-07-11,USC00307252,"RONDOUT, NY US",41.916667,-73.966667,57.3,,
1893-07-12,USC00307252,"RONDOUT, NY US",41.916667,-73.966667,57.3,,
1893-07-13,USC00307252,"RONDOUT, NY US",41.916667,-73.966667,57.3,,
1893-07-14,USC00307252,"RONDOUT, NY US",41.916667,-73.966667,57.3,,
1893-07-15,USC00307252,"RONDOUT, NY US",41.916667,-73.966667,57.3,,
1893-07-16,USC00307252,"RONDOUT, NY US",41.916667,-73.966667,57.3,,
1893-07-17,USC00307252,"RONDOUT, NY US",41.916667,-73.966667,57.3,,
1893-07-18,USC00307252,"RONDOUT, NY US",41.916667,-73.966667,57.3,,
1893-07-19,USC00307252,"RONDOUT, NY US",41.916667,-73.966667,57.3,,
1893-07-20,USC00307252,"RONDOUT, NY US",41.916667,-73.966667,57.3,,
1893-07-21,USC00307252,"RONDOUT, NY US",41.916667,-73.966667,57.3,,
1893-07-22,USC00307252,"RONDOUT, NY US",41.916667,-73.966667,57.3,,
1893-07-23,USC00307252,"RONDOUT, NY US",41.916667,-73.966667,57.3,,
1893-07-24,USC00307252,"RONDOUT, NY US",41.916667,-73.966667,57.3,,
1893-07-25,USC00307252,"RONDOUT, NY US",41.916667,-73.966667,57.3,,
1893-07-26,USC00307252,"RONDOUT, NY US",41.916667,-73.966667,57.3,,
1893-07-27,USC00307252,"RONDOUT, NY US",41.916667,-73.966667,57.3,,
1893-07-28,USC00307252,"RONDOUT, NY US",41.916667,-73.966667,57.3,,
1893-07-29,USC00307252,"RONDOUT, NY US",41.916667,-73.966667,57.3,,
1893-07-30,USC00307252,"RONDOUT, NY US",41.916667,-73.966667,57.3,,
1893-07-31,USC00307252,"RONDOUT, NY US",41.916667,-73.966667,57.3,,
1893-08-01,USC00307252,"RONDOUT, NY US",41.916667,-73.966667,57.3,,
1893-08-02,USC00307252,"RONDOUT, NY US",41.916667,-73.966667,57.3,,
1893-08-03,USC00307252,"RONDOUT, NY US",41.916667,-73.966667,57.3,,
1893-08-04,USC00307252,"RONDOUT, NY US",41.916667,-73.966667,57.3,,
1893-08-05,USC00307252,"RONDOUT, NY US",41.916667,-73.966667,57.3,,
1893-08-06,USC00307252,"RONDOUT, NY US",41.916667,-73.966667,57.3,,
1893-08-07,USC00307252,"RONDOUT, NY US",41.916667,-73.966667,57.3,,
1893-08-08,USC00307252,"RONDOUT, NY US",41.916667,-73.966667,57.3,,
1893-08-09,USC00307252,"RONDOUT, NY US",41.916667,-73.966667,57.3,,
1893-08-10,USC00307252,"RONDOUT, NY US",41.916667,-73.966667,57.3,,
1893-08-11,USC00307252,"RONDOUT, NY US",41.916667,-73.966667,57.3,,
1893-08-12,USC00307252,"RONDOUT, NY US",41.916667,-73.966667,57.3,,
1893-08-13,USC00307252,"RONDOUT, NY US",41.916667,-73.966667,57.3,,
1893-08-14,USC00307252,"RONDOUT, NY US",41.916667,-73.966667,57.3,,
1893-08-15,USC00307252,"RONDOUT, NY US",41.916667,-73.966667,57.3,,
1893-08-16,USC00307252,"RONDOUT, NY US",41.916667,-73.966667,57.3,,
1893-08-17,USC00307252,"RONDOUT, NY US",41.916667,-73.966667,57.3,,
1893-08-18,USC00307252,"RONDOUT, NY US",41.916667,-73.966667,57.3,,
1893-08-19,USC00307252,"RONDOUT, NY US",41.916667,-73.966667,57.3,,
1893-08-20,USC00307252,"RONDOUT, NY US",41.916667,-73.966667,57.3,,
1893-08-21,USC00307252,"RONDOUT, NY US",41.916667,-73.966667,57.3,,
1893-08-22,USC00307252,"RONDOUT, NY US",41.916667,-73.966667,57.3,,
1893-08-23,USC00307252,"RONDOUT, NY US",41.916667,-73.966667,57.3,,
1893-08-24,USC00307252,"RONDOUT, NY US",41.916667,-73.966667,57.3,,
1893-08-25,USC00307252,"RONDOUT, NY US",41.916667,-73.966667,57.3,,
1893-08-26,USC00307252,"RONDOUT, NY US",41.916667,-73.966667,57.3,,
1893-08-27,USC00307252,"RONDOUT, NY US",41.916667,-73.966667,57.3,,
1893-08-28,USC00307252,"RONDOUT, NY US",41.916667,-73.966667,57.3,,
1893-08-29,USC00307252,"RONDOUT, NY US",41.916667,-73.966667,57.3,,
1893-08-30,USC00307252,"RONDOUT, NY US",41.916667,-73.966667,57.3,,
1893-08-31,USC00307252,"RONDOUT, NY US",41.916667,-73.966667,57.3,,
1893-09-01,USC00307252,"RONDOUT, NY US",41.916667,-73.966667,57.3,,
1893-09-02,USC00307252,"RONDOUT, NY US",41.916667,-73.966667,57.3,,
1893-09-03,USC00307252,"RONDOUT, NY US",41.916667,-73.966667,57.3,,
1893-09-04,USC00307252,"RONDOUT, NY US",41.916667,-73.966667,57.3,,
1893-09-05,USC00307252,"RONDOUT, NY US",41.916667,-73.966667,57.3,,
1893-09-06,USC00307252,"RONDOUT, NY US",41.916667,-73.966667,57.3,,
1893-09-07,USC00307252,"RONDOUT, NY US",41.916667,-73.966667,57.3,,
1893-09-08,USC00307252,"RONDOUT, NY US",41.916667,-73.966667,57.3,,
1893-09-09,USC00307252,"RONDOUT, NY US",41.916667,-73.966667,57.3,,
1893-09-10,USC00307252,"RONDOUT, NY US",41.916667,-73.966667,57.3,,
1893-09-11,USC00307252,"RONDOUT, NY US",41.916667,-73.966667,57.3,,
1893-09-12,USC00307252,"RONDOUT, NY US",41.916667,-73.966667,57.3,,
1893-09-13,USC00307252,"RONDOUT, NY US",41.916667,-73.966667,57.3,,
1893-09-14,USC00307252,"RONDOUT, NY US",41.916667,-73.966667,57.3,,
1893-09-15,USC00307252,"RONDOUT, NY US",41.916667,-73.966667,57.3,,
1893-09-16,USC00307252,"RONDOUT, NY US",41.916667,-73.966667,57.3,,
1893-09-17,USC00307252,"RONDOUT, NY US",41.916667,-73.966667,57.3,,
1893-09-18,USC00307252,"RONDOUT, NY US",41.916667,-73.966667,57.3,,
1893-09-19,USC00307252,"RONDOUT, NY US",41.916667,-73.966667,57.3,,
1893-09-20,USC00307252,"RONDOUT, NY US",41.916667,-73.966667,57.3,,
1893-09-21,USC00307252,"RONDOUT, NY US",41.916667,-73.966667,57.3,,
1893-09-22,USC00307252,"RONDOUT, NY US",41.916667,-73.966667,57.3,,
1893-09-23,USC00307252,"RONDOUT, NY US",41.916667,-73.966667,57.3,,
1893-09-24,USC00307252,"RONDOUT, NY US",41.916667,-73.966667,57.3,,
1893-09-25,USC00307252,"RONDOUT, NY US",41.916667,-73.966667,57.3,,
1893-09-26,USC00307252,"RONDOUT, NY US",41.916667,-73.966667,57.3,,
1893-09-27,USC00307252,"RONDOUT, NY US",41.916667,-73.966667,57.3,,
1893-09-28,USC00307252,"RONDOUT, NY US",41.916667,-73.966667,57.3,,
1893-09-29,USC00307252,"RONDOUT, NY US",41.916667,-73.966667,57.3,,
1893-09-30,USC00307252,"RONDOUT, NY US",41.916667,-73.966667,57.3,,
1893-10-01,USC00307252,"RONDOUT, NY US",41.916667,-73.966667,57.3,,
1893-10-02,USC00307252,"RONDOUT, NY US",41.916667,-73.966667,57.3,,
1893-10-03,USC00307252,"RONDOUT, NY US",41.916667,-73.966667,57.3,,
1893-10-04,USC00307252,"RONDOUT, NY US",41.916667,-73.966667,57.3,,
1893-10-05,USC00307252,"RONDOUT, NY US",41.916667,-73.966667,57.3,,
1893-10-06,USC00307252,"RONDOUT, NY US",41.916667,-73.966667,57.3,,
1893-10-07,USC00307252,"RONDOUT, NY US",41.916667,-73.966667,57.3,,
1893-10-08,USC00307252,"RONDOUT, NY US",41.916667,-73.966667,57.3,,
1893-10-09,USC00307252,"RONDOUT, NY US",41.916667,-73.966667,57.3,,
1893-10-10,USC00307252,"RONDOUT, NY US",41.916667,-73.966667,57.3,,
1893-10-11,USC00307252,"RONDOUT, NY US",41.916667,-73.966667,57.3,,
1893-10-12,USC00307252,"RONDOUT, NY US",41.916667,-73.966667,57.3,,
1893-10-13,USC00307252,"RONDOUT, NY US",41.916667,-73.966667,57.3,,
1893-10-14,USC00307252,"RONDOUT, NY US",41.916667,-73.966667,57.3,,
1893-10-15,USC00307252,"RONDOUT, NY US",41.916667,-73.966667,57.3,,
1893-10-16,USC00307252,"RONDOUT, NY US",41.916667,-73.966667,57.3,,
1893-10-17,USC00307252,"RONDOUT, NY US",41.916667,-73.966667,57.3,,
1893-10-18,USC00307252,"RONDOUT, NY US",41.916667,-73.966667,57.3,,
1893-10-19,USC00307252,"RONDOUT, NY US",41.916667,-73.966667,57.3,,
1893-10-20,USC00307252,"RONDOUT, NY US",41.916667,-73.966667,57.3,,
1893-10-21,USC00307252,"RONDOUT, NY US",41.916667,-73.966667,57.3,,
1893-10-22,USC00307252,"RONDOUT, NY US",41.916667,-73.966667,57.3,,
1893-10-23,USC00307252,"RONDOUT, NY US",41.916667,-73.966667,57.3,,
1893-10-24,USC00307252,"RONDOUT, NY US",41.916667,-73.966667,57.3,,
1893-10-25,USC00307252,"RONDOUT, NY US",41.916667,-73.966667,57.3,,
1893-10-26,USC00307252,"RONDOUT, NY US",41.916667,-73.966667,57.3,,
1893-10-27,USC00307252,"RONDOUT, NY US",41.916667,-73.966667,57.3,,
1893-10-28,USC00307252,"RONDOUT, NY US",41.916667,-73.966667,57.3,,
1893-10-29,USC00307252,"RONDOUT, NY US",41.916667,-73.966667,57.3,,
1893-10-30,USC00307252,"RONDOUT, NY US",41.916667,-73.966667,57.3,,
1893-10-31,USC00307252,"RONDOUT, NY US",41.916667,-73.966667,57.3,,
1893-11-01,USC00307252,"RONDOUT, NY US",41.916667,-73.966667,57.3,,
1893-11-02,USC00307252,"RONDOUT, NY US",41.916667,-73.966667,57.3,,
1893-11-03,USC00307252,"RONDOUT, NY US",41.916667,-73.966667,57.3,,
1893-11-04,USC00307252,"RONDOUT, NY US",41.916667,-73.966667,57.3,,
1893-11-05,USC00307252,"RONDOUT, NY US",41.916667,-73.966667,57.3,,
1893-11-06,USC00307252,"RONDOUT, NY US",41.916667,-73.966667,57.3,,
1893-11-07,USC00307252,"RONDOUT, NY US",41.916667,-73.966667,57.3,,
1893-11-08,USC00307252,"RONDOUT, NY US",41.916667,-73.966667,57.3,,
1893-11-09,USC00307252,"RONDOUT, NY US",41.916667,-73.966667,57.3,,
1893-11-10,USC00307252,"RONDOUT, NY US",41.916667,-73.966667,57.3,,
1893-11-11,USC00307252,"RONDOUT, NY US",41.916667,-73.966667,57.3,,
1893-11-12,USC00307252,"RONDOUT, NY US",41.916667,-73.966667,57.3,,
1893-11-13,USC00307252,"RONDOUT, NY US",41.916667,-73.966667,57.3,,
1893-11-14,USC00307252,"RONDOUT, NY US",41.916667,-73.966667,57.3,,
1893-11-15,USC00307252,"RONDOUT, NY US",41.916667,-73.966667,57.3,,
1893-11-16,USC00307252,"RONDOUT, NY US",41.916667,-73.966667,57.3,,
1893-11-17,USC00307252,"RONDOUT, NY US",41.916667,-73.966667,57.3,,
1893-11-18,USC00307252,"RONDOUT, NY US",41.916667,-73.966667,57.3,,
1893-11-19,USC00307252,"RONDOUT, NY US",41.916667,-73.966667,57.3,,
1893-11-20,USC00307252,"RONDOUT, NY US",41.916667,-73.966667,57.3,,
1893-11-21,USC00307252,"RONDOUT, NY US",41.916667,-73.966667,57.3,,
1893-11-22,USC00307252,"RONDOUT, NY US",41.916667,-73.966667,57.3,,
1893-11-23,USC00307252,"RONDOUT, NY US",41.916667,-73.966667,57.3,,
1893-11-24,USC00307252,"RONDOUT, NY US",41.916667,-73.966667,57.3,,
1893-11-25,USC00307252,"RONDOUT, NY US",41.916667,-73.966667,57.3,,
1893-11-26,USC00307252,"RONDOUT, NY US",41.916667,-73.966667,57.3,,
1893-11-27,USC00307252,"RONDOUT, NY US",41.916667,-73.966667,57.3,,
1893-11-28,USC00307252,"RONDOUT, NY US",41.916667,-73.966667,57.3,,
1893-11-29,USC00307252,"RONDOUT, NY US",41.916667,-73.966667,57.3,,
1893-11-30,USC00307252,"RONDOUT, NY US",41.916667,-73.966667,57.3,,
1893-12-01,USC00307252,"RONDOUT, NY US",41.916667,-73.966667,57.3,,
1893-12-02,USC00307252,"RONDOUT, NY US",41.916667,-73.966667,57.3,,
1893-12-03,USC00307252,"RONDOUT, NY US",41.916667,-73.966667,57.3,,
1893-12-04,USC00307252,"RONDOUT, NY US",41.916667,-73.966667,57.3,,
1893-12-05,USC00307252,"RONDOUT, NY US",41.916667,-73.966667,57.3,,
1893-12-06,USC00307252,"RONDOUT, NY US",41.916667,-73.966667,57.3,,
1893-12-07,USC00307252,"RONDOUT, NY US",41.916667,-73.966667,57.3,,
1893-12-08,USC00307252,"RONDOUT, NY US",41.916667,-73.966667,57.3,,
1893-12-09,USC00307252,"RONDOUT, NY US",41.916667,-73.966667,57.3,,
1893-12-10,USC00307252,"RONDOUT, NY US",41.916667,-73.966667,57.3,,
1893-12-11,USC00307252,"RONDOUT, NY US",41.916667,-73.966667,57.3,,
1893-12-12,USC00307252,"RONDOUT, NY US",41.916667,-73.966667,57.3,,
1893-12-13,USC00307252,"RONDOUT, NY US",41.916667,-73.966667,57.3,,
1893-12-14,USC00307252,"RONDOUT, NY US",41.916667,-73.966667,57.3,,
1893-12-15,USC00307252,"RONDOUT, NY US",41.916667,-73.966667,57.3,,
1893-12-16,USC00307252,"RONDOUT, NY US",41.916667,-73.966667,57.3,,
1893-12-17,USC00307252,"RONDOUT, NY US",41.916667,-73.966667,57.3,,
1893-12-18,USC00307252,"RONDOUT, NY US",41.916667,-73.966667,57.3,,
1893-12-19,USC00307252,"RONDOUT, NY US",41.916667,-73.966667,57.3,,
1893-12-20,USC00307252,"RONDOUT, NY US",41.916667,-73.966667,57.3,,
1893-12-21,USC00307252,"RONDOUT, NY US",41.916667,-73.966667,57.3,,
1893-12-22,USC00307252,"RONDOUT, NY US",41.916667,-73.966667,57.3,,
1893-12-23,USC00307252,"RONDOUT, NY US",41.916667,-73.966667,57.3,,
1893-12-24,USC00307252,"RONDOUT, NY US",41.916667,-73.966667,57.3,,
1893-12-25,USC00307252,"RONDOUT, NY US",41.916667,-73.966667,57.3,,
1893-12-26,USC00307252,"RONDOUT, NY US",41.916667,-73.966667,57.3,,
1893-12-27,USC00307252,"RONDOUT, NY US",41.916667,-73.966667,57.3,,
1893-12-28,USC00307252,"RONDOUT, NY US",41.916667,-73.966667,57.3,,
1893-12-29,USC00307252,"RONDOUT, NY US",41.916667,-73.966667,57.3,,
1893-12-30,USC00307252,"RONDOUT, NY US",41.916667,-73.966667,57.3,,
1893-12-31,USC00307252,"RONDOUT, NY US",41.916667,-73.966667,57.3,,
1894-01-01,USC00307252,"RONDOUT, NY US",41.916667,-73.966667,57.3,,
1894-01-02,USC00307252,"RONDOUT, NY US",41.916667,-73.966667,57.3,,
1894-01-03,USC00307252,"RONDOUT, NY US",41.916667,-73.966667,57.3,,
1894-01-04,USC00307252,"RONDOUT, NY US",41.916667,-73.966667,57.3,,
1894-01-05,USC00307252,"RONDOUT, NY US",41.916667,-73.966667,57.3,,
1894-01-06,USC00307252,"RONDOUT, NY US",41.916667,-73.966667,57.3,,
1894-01-07,USC00307252,"RONDOUT, NY US",41.916667,-73.966667,57.3,,
1894-01-08,USC00307252,"RONDOUT, NY US",41.916667,-73.966667,57.3,,
1894-01-09,USC00307252,"RONDOUT, NY US",41.916667,-73.966667,57.3,,
1894-01-10,USC00307252,"RONDOUT, NY US",41.916667,-73.966667,57.3,,
1894-01-11,USC00307252,"RONDOUT, NY US",41.916667,-73.966667,57.3,,
1894-01-12,USC00307252,"RONDOUT, NY US",41.916667,-73.966667,57.3,,
1894-01-13,USC00307252,"RONDOUT, NY US",41.916667,-73.966667,57.3,,
1894-01-14,USC00307252,"RONDOUT, NY US",41.916667,-73.966667,57.3,,
1894-01-15,USC00307252,"RONDOUT, NY US",41.916667,-73.966667,57.3,,
1894-01-16,USC00307252,"RONDOUT, NY US",41.916667,-73.966667,57.3,,
1894-01-17,USC00307252,"RONDOUT, NY US",41.916667,-73.966667,57.3,,
1894-01-18,USC00307252,"RONDOUT, NY US",41.916667,-73.966667,57.3,,
1894-01-19,USC00307252,"RONDOUT, NY US",41.916667,-73.966667,57.3,,
1894-01-20,USC00307252,"RONDOUT, NY US",41.916667,-73.966667,57.3,,
1894-01-21,USC00307252,"RONDOUT, NY US",41.916667,-73.966667,57.3,,
1894-01-22,USC00307252,"RONDOUT, NY US",41.916667,-73.966667,57.3,,
1894-01-23,USC00307252,"RONDOUT, NY US",41.916667,-73.966667,57.3,,
1894-01-24,USC00307252,"RONDOUT, NY US",41.916667,-73.966667,57.3,,
1894-01-25,USC00307252,"RONDOUT, NY US",41.916667,-73.966667,57.3,,
1894-01-26,USC00307252,"RONDOUT, NY US",41.916667,-73.966667,57.3,,
1894-01-27,USC00307252,"RONDOUT, NY US",41.916667,-73.966667,57.3,,
1894-01-28,USC00307252,"RONDOUT, NY US",41.916667,-73.966667,57.3,,
1894-01-29,USC00307252,"RONDOUT, NY US",41.916667,-73.966667,57.3,,
1894-01-30,USC00307252,"RONDOUT, NY US",41.916667,-73.966667,57.3,,
1894-01-31,USC00307252,"RONDOUT, NY US",41.916667,-73.966667,57.3,,
1894-02-01,USC00307252,"RONDOUT, NY US",41.916667,-73.966667,57.3,,
1894-02-02,USC00307252,"RONDOUT, NY US",41.916667,-73.966667,57.3,,
1894-02-03,USC00307252,"RONDOUT, NY US",41.916667,-73.966667,57.3,,
1894-02-04,USC00307252,"RONDOUT, NY US",41.916667,-73.966667,57.3,,
1894-02-05,USC00307252,"RONDOUT, NY US",41.916667,-73.966667,57.3,,
1894-02-06,USC00307252,"RONDOUT, NY US",41.916667,-73.966667,57.3,,
1894-02-07,USC00307252,"RONDOUT, NY US",41.916667,-73.966667,57.3,,
1894-02-08,USC00307252,"RONDOUT, NY US",41.916667,-73.966667,57.3,,
1894-02-09,USC00307252,"RONDOUT, NY US",41.916667,-73.966667,57.3,,
1894-02-10,USC00307252,"RONDOUT, NY US",41.916667,-73.966667,57.3,,
1894-02-11,USC00307252,"RONDOUT, NY US",41.916667,-73.966667,57.3,,
1894-02-12,USC00307252,"RONDOUT, NY US",41.916667,-73.966667,57.3,,
1894-02-13,USC00307252,"RONDOUT, NY US",41.916667,-73.966667,57.3,,
1894-02-14,USC00307252,"RONDOUT, NY US",41.916667,-73.966667,57.3,,
1894-02-15,USC00307252,"RONDOUT, NY US",41.916667,-73.966667,57.3,,
1894-02-16,USC00307252,"RONDOUT, NY US",41.916667,-73.966667,57.3,,
1894-02-17,USC00307252,"RONDOUT, NY US",41.916667,-73.966667,57.3,,
1894-02-18,USC00307252,"RONDOUT, NY US",41.916667,-73.966667,57.3,,
1894-02-19,USC00307252,"RONDOUT, NY US",41.916667,-73.966667,57.3,,
1894-02-20,USC00307252,"RONDOUT, NY US",41.916667,-73.966667,57.3,,
1894-02-21,USC00307252,"RONDOUT, NY US",41.916667,-73.966667,57.3,,
1894-02-22,USC00307252,"RONDOUT, NY US",41.916667,-73.966667,57.3,,
1894-02-23,USC00307252,"RONDOUT, NY US",41.916667,-73.966667,57.3,,
1894-02-24,USC00307252,"RONDOUT, NY US",41.916667,-73.966667,57.3,,
1894-02-25,USC00307252,"RONDOUT, NY US",41.916667,-73.966667,57.3,,
1894-02-26,USC00307252,"RONDOUT, NY US",41.916667,-73.966667,57.3,,
1894-02-27,USC00307252,"RONDOUT, NY US",41.916667,-73.966667,57.3,,
1894-02-28,USC00307252,"RONDOUT, NY US",41.916667,-73.966667,57.3,,
1894-03-01,USC00307252,"RONDOUT, NY US",41.916667,-73.966667,57.3,,
1894-03-02,USC00307252,"RONDOUT, NY US",41.916667,-73.966667,57.3,,
1894-03-03,USC00307252,"RONDOUT, NY US",41.916667,-73.966667,57.3,,
1894-03-04,USC00307252,"RONDOUT, NY US",41.916667,-73.966667,57.3,,
1894-03-05,USC00307252,"RONDOUT, NY US",41.916667,-73.966667,57.3,,
1894-03-06,USC00307252,"RONDOUT, NY US",41.916667,-73.966667,57.3,,
1894-03-07,USC00307252,"RONDOUT, NY US",41.916667,-73.966667,57.3,,
1894-03-08,USC00307252,"RONDOUT, NY US",41.916667,-73.966667,57.3,,
1894-03-09,USC00307252,"RONDOUT, NY US",41.916667,-73.966667,57.3,,
1894-03-10,USC00307252,"RONDOUT, NY US",41.916667,-73.966667,57.3,,
1894-03-11,USC00307252,"RONDOUT, NY US",41.916667,-73.966667,57.3,,
1894-03-12,USC00307252,"RONDOUT, NY US",41.916667,-73.966667,57.3,,
1894-03-13,USC00307252,"RONDOUT, NY US",41.916667,-73.966667,57.3,,
1894-03-14,USC00307252,"RONDOUT, NY US",41.916667,-73.966667,57.3,,
1894-03-15,USC00307252,"RONDOUT, NY US",41.916667,-73.966667,57.3,,
1894-03-16,USC00307252,"RONDOUT, NY US",41.916667,-73.966667,57.3,,
1894-03-17,USC00307252,"RONDOUT, NY US",41.916667,-73.966667,57.3,,
1894-03-18,USC00307252,"RONDOUT, NY US",41.916667,-73.966667,57.3,,
1894-03-19,USC00307252,"RONDOUT, NY US",41.916667,-73.966667,57.3,,
1894-03-20,USC00307252,"RONDOUT, NY US",41.916667,-73.966667,57.3,,
1894-03-21,USC00307252,"RONDOUT, NY US",41.916667,-73.966667,57.3,,
1894-03-22,USC00307252,"RONDOUT, NY US",41.916667,-73.966667,57.3,,
1894-03-23,USC00307252,"RONDOUT, NY US",41.916667,-73.966667,57.3,,
1894-03-24,USC00307252,"RONDOUT, NY US",41.916667,-73.966667,57.3,,
1894-03-25,USC00307252,"RONDOUT, NY US",41.916667,-73.966667,57.3,,
1894-03-26,USC00307252,"RONDOUT, NY US",41.916667,-73.966667,57.3,,
1894-03-27,USC00307252,"RONDOUT, NY US",41.916667,-73.966667,57.3,,
1894-03-28,USC00307252,"RONDOUT, NY US",41.916667,-73.966667,57.3,,
1894-03-29,USC00307252,"RONDOUT, NY US",41.916667,-73.966667,57.3,,
1894-03-30,USC00307252,"RONDOUT, NY US",41.916667,-73.966667,57.3,,
1894-03-31,USC00307252,"RONDOUT, NY US",41.916667,-73.966667,57.3,,
1894-04-01,USC00307252,"RONDOUT, NY US",41.916667,-73.966667,57.3,,
1894-04-02,USC00307252,"RONDOUT, NY US",41.916667,-73.966667,57.3,,
1894-04-03,USC00307252,"RONDOUT, NY US",41.916667,-73.966667,57.3,,
1894-04-04,USC00307252,"RONDOUT, NY US",41.916667,-73.966667,57.3,,
1894-04-05,USC00307252,"RONDOUT, NY US",41.916667,-73.966667,57.3,,
1894-04-06,USC00307252,"RONDOUT, NY US",41.916667,-73.966667,57.3,,
1894-04-07,USC00307252,"RONDOUT, NY US",41.916667,-73.966667,57.3,,
1894-04-08,USC00307252,"RONDOUT, NY US",41.916667,-73.966667,57.3,,
1894-04-09,USC00307252,"RONDOUT, NY US",41.916667,-73.966667,57.3,,
1894-04-10,USC00307252,"RONDOUT, NY US",41.916667,-73.966667,57.3,,
1894-04-11,USC00307252,"RONDOUT, NY US",41.916667,-73.966667,57.3,,
1894-04-12,USC00307252,"RONDOUT, NY US",41.916667,-73.966667,57.3,,
1894-04-13,USC00307252,"RONDOUT, NY US",41.916667,-73.966667,57.3,,
1894-04-14,USC00307252,"RONDOUT, NY US",41.916667,-73.966667,57.3,,
1894-04-15,USC00307252,"RONDOUT, NY US",41.916667,-73.966667,57.3,,
1894-04-16,USC00307252,"RONDOUT, NY US",41.916667,-73.966667,57.3,,
1894-04-17,USC00307252,"RONDOUT, NY US",41.916667,-73.966667,57.3,,
1894-04-18,USC00307252,"RONDOUT, NY US",41.916667,-73.966667,57.3,,
1894-04-19,USC00307252,"RONDOUT, NY US",41.916667,-73.966667,57.3,,
1894-04-20,USC00307252,"RONDOUT, NY US",41.916667,-73.966667,57.3,,
1894-04-21,USC00307252,"RONDOUT, NY US",41.916667,-73.966667,57.3,,
1894-04-22,USC00307252,"RONDOUT, NY US",41.916667,-73.966667,57.3,,
1894-04-23,USC00307252,"RONDOUT, NY US",41.916667,-73.966667,57.3,,
1894-04-24,USC00307252,"RONDOUT, NY US",41.916667,-73.966667,57.3,,
1894-04-25,USC00307252,"RONDOUT, NY US",41.916667,-73.966667,57.3,,
1894-04-26,USC00307252,"RONDOUT, NY US",41.916667,-73.966667,57.3,,
1894-04-27,USC00307252,"RONDOUT, NY US",41.916667,-73.966667,57.3,,
1894-04-28,USC00307252,"RONDOUT, NY US",41.916667,-73.966667,57.3,,
1894-04-29,USC00307252,"RONDOUT, NY US",41.916667,-73.966667,57.3,,
1894-04-30,USC00307252,"RONDOUT, NY US",41.916667,-73.966667,57.3,,
1894-05-01,USC00307252,"RONDOUT, NY US",41.916667,-73.966667,57.3,,
1894-05-02,USC00307252,"RONDOUT, NY US",41.916667,-73.966667,57.3,,
1894-05-03,USC00307252,"RONDOUT, NY US",41.916667,-73.966667,57.3,,
1894-05-04,USC00307252,"RONDOUT, NY US",41.916667,-73.966667,57.3,,
1894-05-05,USC00307252,"RONDOUT, NY US",41.916667,-73.966667,57.3,,
1894-05-06,USC00307252,"RONDOUT, NY US",41.916667,-73.966667,57.3,,
1894-05-07,USC00307252,"RONDOUT, NY US",41.916667,-73.966667,57.3,,
1894-05-08,USC00307252,"RONDOUT, NY US",41.916667,-73.966667,57.3,,
1894-05-09,USC00307252,"RONDOUT, NY US",41.916667,-73.966667,57.3,,
1894-05-10,USC00307252,"RONDOUT, NY US",41.916667,-73.966667,57.3,,
1894-05-11,USC00307252,"RONDOUT, NY US",41.916667,-73.966667,57.3,,
1894-05-12,USC00307252,"RONDOUT, NY US",41.916667,-73.966667,57.3,,
1894-05-13,USC00307252,"RONDOUT, NY US",41.916667,-73.966667,57.3,,
1894-05-14,USC00307252,"RONDOUT, NY US",41.916667,-73.966667,57.3,,
1894-05-15,USC00307252,"RONDOUT, NY US",41.916667,-73.966667,57.3,,
1894-05-16,USC00307252,"RONDOUT, NY US",41.916667,-73.966667,57.3,,
1894-05-17,USC00307252,"RONDOUT, NY US",41.916667,-73.966667,57.3,,
1894-05-18,USC00307252,"RONDOUT, NY US",41.916667,-73.966667,57.3,,
1894-05-19,USC00307252,"RONDOUT, NY US",41.916667,-73.966667,57.3,,
1894-05-20,USC00307252,"RONDOUT, NY US",41.916667,-73.966667,57.3,,
1894-05-21,USC00307252,"RONDOUT, NY US",41.916667,-73.966667,57.3,,
1894-05-22,USC00307252,"RONDOUT, NY US",41.916667,-73.966667,57.3,,
1894-05-23,USC00307252,"RONDOUT, NY US",41.916667,-73.966667,57.3,,
1894-05-24,USC00307252,"RONDOUT, NY US",41.916667,-73.966667,57.3,,
1894-05-25,USC00307252,"RONDOUT, NY US",41.916667,-73.966667,57.3,,
1894-05-26,USC00307252,"RONDOUT, NY US",41.916667,-73.966667,57.3,,
1894-05-27,USC00307252,"RONDOUT, NY US",41.916667,-73.966667,57.3,,
1894-05-28,USC00307252,"RONDOUT, NY US",41.916667,-73.966667,57.3,,
1894-05-29,USC00307252,"RONDOUT, NY US",41.916667,-73.966667,57.3,,
1894-05-30,USC00307252,"RONDOUT, NY US",41.916667,-73.966667,57.3,,
1894-05-31,USC00307252,"RONDOUT, NY US",41.916667,-73.966667,57.3,,
1894-08-01,USC00307252,"RONDOUT, NY US",41.916667,-73.966667,57.3,28.9,16.7
1894-08-02,USC00307252,"RONDOUT, NY US",41.916667,-73.966667,57.3,26.1,20.0
1894-08-03,USC00307252,"RONDOUT, NY US",41.916667,-73.966667,57.3,27.2,17.2
1894-08-04,USC00307252,"RONDOUT, NY US",41.916667,-73.966667,57.3,22.8,13.9
1894-08-05,USC00307252,"RONDOUT, NY US",41.916667,-73.966667,57.3,23.3,12.2
1894-08-06,USC00307252,"RONDOUT, NY US",41.916667,-73.966667,57.3,26.1,11.1
1894-08-07,USC00307252,"RONDOUT, NY US",41.916667,-73.966667,57.3,29.4,13.3
1894-08-08,USC00307252,"RONDOUT, NY US",41.916667,-73.966667,57.3,26.1,15.6
1894-08-09,USC00307252,"RONDOUT, NY US",41.916667,-73.966667,57.3,26.7,12.8
1894-08-10,USC00307252,"RONDOUT, NY US",41.916667,-73.966667,57.3,24.4,7.8
1894-08-11,USC00307252,"RONDOUT, NY US",41.916667,-73.966667,57.3,23.3,8.3
1894-08-12,USC00307252,"RONDOUT, NY US",41.916667,-73.966667,57.3,19.4,13.9
1894-08-13,USC00307252,"RONDOUT, NY US",41.916667,-73.966667,57.3,22.2,14.4
1894-08-14,USC00307252,"RONDOUT, NY US",41.916667,-73.966667,57.3,26.1,14.4
1894-08-15,USC00307252,"RONDOUT, NY US",41.916667,-73.966667,57.3,25.0,14.4
1894-08-16,USC00307252,"RONDOUT, NY US",41.916667,-73.966667,57.3,22.2,12.2
1894-08-17,USC00307252,"RONDOUT, NY US",41.916667,-73.966667,57.3,23.3,10.0
1894-08-18,USC00307252,"RONDOUT, NY US",41.916667,-73.966667,57.3,27.8,11.1
1894-08-19,USC00307252,"RONDOUT, NY US",41.916667,-73.966667,57.3,30.0,16.1
1894-08-20,USC00307252,"RONDOUT, NY US",41.916667,-73.966667,57.3,23.9,15.0
1894-08-21,USC00307252,"RONDOUT, NY US",41.916667,-73.966667,57.3,20.0,10.0
1894-08-22,USC00307252,"RONDOUT, NY US",41.916667,-73.966667,57.3,23.3,8.3
1894-08-23,USC00307252,"RONDOUT, NY US",41.916667,-73.966667,57.3,29.4,7.2
1894-08-24,USC00307252,"RONDOUT, NY US",41.916667,-73.966667,57.3,30.6,16.1
1894-08-25,USC00307252,"RONDOUT, NY US",41.916667,-73.966667,57.3,30.0,15.6
1894-08-26,USC00307252,"RONDOUT, NY US",41.916667,-73.966667,57.3,23.3,14.4
1894-08-27,USC00307252,"RONDOUT, NY US",41.916667,-73.966667,57.3,23.9,10.0
1894-08-28,USC00307252,"RONDOUT, NY US",41.916667,-73.966667,57.3,22.8,15.0
1894-08-29,USC00307252,"RONDOUT, NY US",41.916667,-73.966667,57.3,20.6,12.8
1894-08-30,USC00307252,"RONDOUT, NY US",41.916667,-73.966667,57.3,22.8,13.3
1894-08-31,USC00307252,"RONDOUT, NY US",41.916667,-73.966667,57.3,24.4,11.1
1894-10-01,USC00307252,"RONDOUT, NY US",41.916667,-73.966667,57.3,,
1894-10-02,USC00307252,"RONDOUT, NY US",41.916667,-73.966667,57.3,,
1894-10-03,USC00307252,"RONDOUT, NY US",41.916667,-73.966667,57.3,,
1894-10-04,USC00307252,"RONDOUT, NY US",41.916667,-73.966667,57.3,,
1894-10-05,USC00307252,"RONDOUT, NY US",41.916667,-73.966667,57.3,,
1894-10-06,USC00307252,"RONDOUT, NY US",41.916667,-73.966667,57.3,,
1894-10-07,USC00307252,"RONDOUT, NY US",41.916667,-73.966667,57.3,,
1894-10-08,USC00307252,"RONDOUT, NY US",41.916667,-73.966667,57.3,,
1894-10-09,USC00307252,"RONDOUT, NY US",41.916667,-73.966667,57.3,,
1894-10-10,USC00307252,"RONDOUT, NY US",41.916667,-73.966667,57.3,,
1894-10-11,USC00307252,"RONDOUT, NY US",41.916667,-73.966667,57.3,,
1894-10-12,USC00307252,"RONDOUT, NY US",41.916667,-73.966667,57.3,,
1894-10-13,USC00307252,"RONDOUT, NY US",41.916667,-73.966667,57.3,,
1894-10-14,USC00307252,"RONDOUT, NY US",41.916667,-73.966667,57.3,,
1894-10-15,USC00307252,"RONDOUT, NY US",41.916667,-73.966667,57.3,,
1894-10-16,USC00307252,"RONDOUT, NY US",41.916667,-73.966667,57.3,,
1894-10-17,USC00307252,"RONDOUT, NY US",41.916667,-73.966667,57.3,,
1894-10-18,USC00307252,"RONDOUT, NY US",41.916667,-73.966667,57.3,,
1894-10-19,USC00307252,"RONDOUT, NY US",41.916667,-73.966667,57.3,,
1894-10-20,USC00307252,"RONDOUT, NY US",41.916667,-73.966667,57.3,,
1894-10-21,USC00307252,"RONDOUT, NY US",41.916667,-73.966667,57.3,,
1894-10-22,USC00307252,"RONDOUT, NY US",41.916667,-73.966667,57.3,,
1894-10-23,USC00307252,"RONDOUT, NY US",41.916667,-73.966667,57.3,,
1894-10-24,USC00307252,"RONDOUT, NY US",41.916667,-73.966667,57.3,,
1894-10-25,USC00307252,"RONDOUT, NY US",41.916667,-73.966667,57.3,,
1894-10-26,USC00307252,"RONDOUT, NY US",41.916667,-73.966667,57.3,,
1894-10-27,USC00307252,"RONDOUT, NY US",41.916667,-73.966667,57.3,,
1894-10-28,USC00307252,"RONDOUT, NY US",41.916667,-73.966667,57.3,,
1894-10-29,USC00307252,"RONDOUT, NY US",41.916667,-73.966667,57.3,,
1894-10-30,USC00307252,"RONDOUT, NY US",41.916667,-73.966667,57.3,,
1894-10-31,USC00307252,"RONDOUT, NY US",41.916667,-73.966667,57.3,,
